,Unnamed: 0,Title,SKU,Medium,Subject,Publication,url,File
0,0,a-lady-cwh,558,Chinese Ink on Paper,Calligraphy,"
A Dialogue With Tradition",https://chenwenhsi.com/wp-content/uploads/2017/08/a-lady-cwh.jpg,images/a-lady-cwh.jpg
1,1,master-of-tradition-revolution-sparrows-4,1653,Chinese Ink on Paper,Sparrow,"
Master of Tradition & Revolution",https://chenwenhsi.com/wp-content/uploads/2018/01/master-of-tradition-revolution-sparrows-4.jpg,images/master-of-tradition-revolution-sparrows-4.jpg
2,2,autumn-scene,664,Chinese Ink on Paper,Calligraphy,"
Paintings by Chen Wen Hsi",https://chenwenhsi.com/wp-content/uploads/2017/08/autumn-scene.jpg,images/autumn-scene.jpg
3,3,master-of-tradition-revolution-abstract,1632,Chinese Ink on Paper,Abstract,"
Master of Tradition & Revolution",https://chenwenhsi.com/wp-content/uploads/2018/01/master-of-tradition-revolution-abstract.jpg,images/master-of-tradition-revolution-abstract.jpg
4,4,master-of-tradition-revolution-abstract-1,1646,Chinese Ink on Paper,Abstract,"
Master of Tradition & Revolution",https://chenwenhsi.com/wp-content/uploads/2018/01/master-of-tradition-revolution-abstract-1.jpg,images/master-of-tradition-revolution-abstract-1.jpg
5,5,master-of-tradition-revolution-abstract-cranes,1633,Chinese Ink on Paper,Abstract,"
Master of Tradition & Revolution",https://chenwenhsi.com/wp-content/uploads/2018/01/master-of-tradition-revolution-abstract-cranes.jpg,images/master-of-tradition-revolution-abstract-cranes.jpg
6,6,master-of-tradition-revolution-landscape-1,1610,Chinese Ink on Paper,Landscape,"
Master of Tradition & Revolution",https://chenwenhsi.com/wp-content/uploads/2018/01/master-of-tradition-revolution-landscape-1.jpg,images/master-of-tradition-revolution-landscape-1.jpg
7,7,master-of-tradition-revolution-gibbon,1573,Chinese Ink on Paper,Gibbon,"
Master of Tradition & Revolution",https://chenwenhsi.com/wp-content/uploads/2018/01/master-of-tradition-revolution-gibbon.jpg,images/master-of-tradition-revolution-gibbon.jpg
8,8,indian-temple-1974,439,Oil on Canvas,Temple,"
Chen Wen Hsi Retrospective 1982",https://chenwenhsi.com/wp-content/uploads/2017/08/indian-temple-1974.jpg,images/indian-temple-1974.jpg
9,9,assembling-chenwenhsi,1058,Chinese Ink on Paper,Heron,"
Paintings by Chen Wen Hsi",https://chenwenhsi.com/wp-content/uploads/2017/09/assembling-chenwenhsi.jpg,images/assembling-chenwenhsi.jpg
10,10,chen-wen-hsi-egret,1180,Chinese Ink on Paper,Heron,"
Paintings by Chen Wen Hsi",https://chenwenhsi.com/wp-content/uploads/2018/01/chen-wen-hsi-egret.jpg,images/chen-wen-hsi-egret.jpg
11,11,chen-wen-hsi-assembling-chickens,1441,Chinese Ink on Paper,Chicken,"
Paintings by Chen Wen Hsi",https://chenwenhsi.com/wp-content/uploads/2018/01/chen-wen-hsi-assembling-chickens.jpg,images/chen-wen-hsi-assembling-chickens.jpg
12,12,chen-wen-hsi-assembling-ducks,1237,Chinese Ink on Paper,Duck,"
Paintings by Chen Wen Hsi",https://chenwenhsi.com/wp-content/uploads/2018/01/chen-wen-hsi-assembling-ducks.jpg,images/chen-wen-hsi-assembling-ducks.jpg
13,13,chen-wen-hsi-ducks-9,1270,Chinese Ink on Paper,Duck,"
Paintings by Chen Wen Hsi",https://chenwenhsi.com/wp-content/uploads/2018/01/chen-wen-hsi-ducks-9.jpg,images/chen-wen-hsi-ducks-9.jpg
14,14,chen-wen-hsi-ducks-10,1275,Chinese Ink on Paper,Duck,"
Paintings by Chen Wen Hsi",https://chenwenhsi.com/wp-content/uploads/2018/01/chen-wen-hsi-ducks-10.jpg,images/chen-wen-hsi-ducks-10.jpg
15,15,chen-wen-hsi-sparrow-4,1351,Chinese Ink on Paper,Sparrow,"
Paintings by Chen Wen Hsi",https://chenwenhsi.com/wp-content/uploads/2018/01/chen-wen-hsi-sparrow-4.jpg,images/chen-wen-hsi-sparrow-4.jpg
16,16,awake-kingfisher,716,Chinese Ink on Paper,Kingfisher,"
Paintings by Chen Wen Hsi",https://chenwenhsi.com/wp-content/uploads/2017/08/awake-kingfisher.jpg,images/awake-kingfisher.jpg
17,17,baby-gibbons,752,Chinese Ink on Paper,Gibbon,"
Paintings by Chen Wen Hsi",https://chenwenhsi.com/wp-content/uploads/2017/08/baby-gibbons.jpg,images/baby-gibbons.jpg
18,18,back-to-nest-chenwenhsi,1093,Chinese Ink on Paper,Sparrow,"
Paintings by Chen Wen Hsi",https://chenwenhsi.com/wp-content/uploads/2017/09/back-to-nest-chenwenhsi.jpg,images/back-to-nest-chenwenhsi.jpg
19,19,chen-wen-hsi-sparrow-3,1326,Chinese Ink on Paper,Bamboo,"
Paintings by Chen Wen Hsi",https://chenwenhsi.com/wp-content/uploads/2018/01/chen-wen-hsi-sparrow-3.jpg,images/chen-wen-hsi-sparrow-3.jpg
20,20,bamboo-sparrows,738,Chinese Ink on Paper,Bamboo,"
Paintings by Chen Wen Hsi",https://chenwenhsi.com/wp-content/uploads/2017/08/bamboo-sparrows.jpg,images/bamboo-sparrows.jpg
21,21,bamboo-sunset,736,Chinese Ink on Paper,Bamboo,"
Paintings by Chen Wen Hsi",https://chenwenhsi.com/wp-content/uploads/2017/08/bamboo-sunset.jpg,images/bamboo-sunset.jpg
22,22,bathing-cwh,732,Chinese Ink on Paper,Duck,"
Paintings by Chen Wen Hsi",https://chenwenhsi.com/wp-content/uploads/2017/08/bathing-cwh.jpg,images/bathing-cwh.jpg
23,23,bathing-ducks,1101,Chinese Ink on Paper,Duck,"
Paintings by Chen Wen Hsi",https://chenwenhsi.com/wp-content/uploads/2017/09/bathing-ducks.jpg,images/bathing-ducks.jpg
24,24,chen-wen-hsi-bathing-ducks-1,1381,Chinese Ink on Paper,Duck,"
Paintings by Chen Wen Hsi",https://chenwenhsi.com/wp-content/uploads/2018/01/chen-wen-hsi-bathing-ducks-1.jpg,images/chen-wen-hsi-bathing-ducks-1.jpg
25,25,chen-wen-hsi-bathing-ducks-2,1427,Chinese Ink on Paper,Duck,"
Paintings by Chen Wen Hsi",https://chenwenhsi.com/wp-content/uploads/2018/01/chen-wen-hsi-bathing-ducks-2.jpg,images/chen-wen-hsi-bathing-ducks-2.jpg
26,26,chen-wen-hsi-bathing-ducks-3,1462,Chinese Ink on Paper,Duck,"
Paintings by Chen Wen Hsi",https://chenwenhsi.com/wp-content/uploads/2018/01/chen-wen-hsi-bathing-ducks-3.jpg,images/chen-wen-hsi-bathing-ducks-3.jpg
27,27,chen-wen-hsi-bathing-ducks-4,1501,Chinese Ink on Paper,Duck,"
Paintings by Chen Wen Hsi",https://chenwenhsi.com/wp-content/uploads/2018/01/chen-wen-hsi-bathing-ducks-4.jpg,images/chen-wen-hsi-bathing-ducks-4.jpg
28,28,chen-wen-hsi-bathing-ducks-5,1515,Chinese Ink on Paper,Duck,"
Paintings by Chen Wen Hsi",https://chenwenhsi.com/wp-content/uploads/2018/01/chen-wen-hsi-bathing-ducks-5.jpg,images/chen-wen-hsi-bathing-ducks-5.jpg
29,29,chen-wen-hsi-bathing-ducks,1264,Chinese Ink on Paper,Duck,"
Paintings by Chen Wen Hsi",https://chenwenhsi.com/wp-content/uploads/2018/01/chen-wen-hsi-bathing-ducks.jpg,images/chen-wen-hsi-bathing-ducks.jpg
30,30,chen-wen-hsi-bathing-ducks-6,1521,Chinese Ink on Paper,Duck,"
Paintings by Chen Wen Hsi",https://chenwenhsi.com/wp-content/uploads/2018/01/chen-wen-hsi-bathing-ducks-6.jpg,images/chen-wen-hsi-bathing-ducks-6.jpg
31,31,chen-wen-hsi-bathing-ducks-7,1525,Chinese Ink on Paper,Duck,"
Paintings by Chen Wen Hsi",https://chenwenhsi.com/wp-content/uploads/2018/01/chen-wen-hsi-bathing-ducks-7.jpg,images/chen-wen-hsi-bathing-ducks-7.jpg
32,32,master-of-tradition-revolution-sparrow-2,1656,Chinese Ink on Paper,Sparrow,"
Master of Tradition & Revolution",https://chenwenhsi.com/wp-content/uploads/2018/01/master-of-tradition-revolution-sparrow-2.jpg,images/master-of-tradition-revolution-sparrow-2.jpg
33,33,chen-wen-hsi-humming-bird,1316,Chinese Ink on Paper,Humming Bird,"
Paintings by Chen Wen Hsi",https://chenwenhsi.com/wp-content/uploads/2018/01/chen-wen-hsi-humming-bird.jpg,images/chen-wen-hsi-humming-bird.jpg
34,34,chen-wen-hsi-sparrows-14,1527,Chinese Ink on Paper,Sparrow,"
Paintings by Chen Wen Hsi",https://chenwenhsi.com/wp-content/uploads/2018/01/chen-wen-hsi-sparrows-14.jpg,images/chen-wen-hsi-sparrows-14.jpg
35,35,chen-wen-hsi-sparrow-2,1318,Chinese Ink on Paper,Sparrow,"
Paintings by Chen Wen Hsi",https://chenwenhsi.com/wp-content/uploads/2018/01/chen-wen-hsi-sparrow-2.jpg,images/chen-wen-hsi-sparrow-2.jpg
36,36,chen-wen-hsi-sparrow-5,1359,Chinese Ink on Paper,Sparrow,"
Paintings by Chen Wen Hsi",https://chenwenhsi.com/wp-content/uploads/2018/01/chen-wen-hsi-sparrow-5.jpg,images/chen-wen-hsi-sparrow-5.jpg
37,37,chen-wen-hsi-sparrows-7,1448,Chinese Ink on Paper,Sparrow,"
Paintings by Chen Wen Hsi",https://chenwenhsi.com/wp-content/uploads/2018/01/chen-wen-hsi-sparrows-7.jpg,images/chen-wen-hsi-sparrows-7.jpg
38,38,chen-wen-hsi-birds,1215,Chinese Ink on Paper,Humming Bird,"
Paintings by Chen Wen Hsi",https://chenwenhsi.com/wp-content/uploads/2018/01/chen-wen-hsi-birds.jpg,images/chen-wen-hsi-birds.jpg
39,39,chen-wen-hsi-sparrow-7,1477,Chinese Ink on Paper,Sparrow,"
Paintings by Chen Wen Hsi",https://chenwenhsi.com/wp-content/uploads/2018/01/chen-wen-hsi-sparrow-7.jpg,images/chen-wen-hsi-sparrow-7.jpg
40,40,chen-wen-hsi-paddy-birds,1495,Chinese Ink on Paper,Paddy Bird,"
Paintings by Chen Wen Hsi",https://chenwenhsi.com/wp-content/uploads/2018/01/chen-wen-hsi-paddy-birds.jpg,images/chen-wen-hsi-paddy-birds.jpg
41,41,chen-wen-hsi-humming-birds,1283,Chinese Ink on Paper,Humming Bird,"
Paintings by Chen Wen Hsi",https://chenwenhsi.com/wp-content/uploads/2018/01/chen-wen-hsi-humming-birds.jpg,images/chen-wen-hsi-humming-birds.jpg
42,42,chen-wen-hsi-humming-bird-1,1336,Chinese Ink on Paper,Humming Bird,"
Paintings by Chen Wen Hsi",https://chenwenhsi.com/wp-content/uploads/2018/01/chen-wen-hsi-humming-bird-1.jpg,images/chen-wen-hsi-humming-bird-1.jpg
43,43,birds-singing-chenwenhsi,1060,Chinese Ink on Paper,Pigeon,"
Paintings by Chen Wen Hsi",https://chenwenhsi.com/wp-content/uploads/2017/09/birds-singing-chenwenhsi.jpg,images/birds-singing-chenwenhsi.jpg
44,44,birds-lotus,674,Chinese Ink on Paper,Lotus,"
Paintings by Chen Wen Hsi",https://chenwenhsi.com/wp-content/uploads/2017/08/birds-lotus.jpg,images/birds-lotus.jpg
45,45,black-and-white-1,548,Chinese Ink on Paper,Geese,"
A Dialogue With Tradition",https://chenwenhsi.com/wp-content/uploads/2017/08/black-and-white-1.jpg,images/black-and-white-1.jpg
46,46,master-of-tradition-revolution-chickens-1,1654,Chinese Ink on Paper,Chicken,"
Master of Tradition & Revolution",https://chenwenhsi.com/wp-content/uploads/2018/01/master-of-tradition-revolution-chickens-1.jpg,images/master-of-tradition-revolution-chickens-1.jpg
47,47,black-fields-chen-wen-hsi,496,Chinese Ink on Paper,Landscape,"
A Dialogue With Tradition",https://chenwenhsi.com/wp-content/uploads/2017/08/black-fields-chen-wen-hsi.jpg,images/black-fields-chen-wen-hsi.jpg
48,48,blue-and-red,546,Chinese Ink on Paper,Crane,"
A Dialogue With Tradition",https://chenwenhsi.com/wp-content/uploads/2017/08/blue-and-red.jpg,images/blue-and-red.jpg
49,49,bombing,632,Oil on Canvas,Abstract,"
Paintings by Chen Wen Hsi",https://chenwenhsi.com/wp-content/uploads/2017/08/bombing.jpg,images/bombing.jpg
50,50,chen-wen-hsi-gourds-egrets,1343,Chinese Ink on Paper,Gourds,"
Paintings by Chen Wen Hsi",https://chenwenhsi.com/wp-content/uploads/2018/01/chen-wen-hsi-gourds-egrets.jpg,images/chen-wen-hsi-gourds-egrets.jpg
51,51,chen-wen-hsi-gourds-and-birds,1227,Chinese Ink on Paper,Gourds,"
Paintings by Chen Wen Hsi",https://chenwenhsi.com/wp-content/uploads/2018/01/chen-wen-hsi-gourds-and-birds.jpg,images/chen-wen-hsi-gourds-and-birds.jpg
52,52,busy-chen-wen-hsi,204,Chinese Ink on Paper,Heron,"
A Dialogue With Tradition",https://chenwenhsi.com/wp-content/uploads/2017/07/busy-chen-wen-hsi.jpg,images/busy-chen-wen-hsi.jpg
53,53,by-the-bamboo-shore,504,Chinese Ink on Paper,Landscape,"
A Dialogue With Tradition",https://chenwenhsi.com/wp-content/uploads/2017/08/by-the-bamboo-shore.jpg,images/by-the-bamboo-shore.jpg
54,54,by-the-blue-water,203,Chinese Ink on Paper,Heron,"
A Dialogue With Tradition",https://chenwenhsi.com/wp-content/uploads/2017/07/by-the-blue-water.jpg,images/by-the-blue-water.jpg
55,55,call-in-the-valley-e1503120692127,433,Chinese Ink on Paper,Gibbon,"
A Dialogue With Tradition",https://chenwenhsi.com/wp-content/uploads/2017/08/call-in-the-valley-e1503120692127.jpg,images/call-in-the-valley-e1503120692127.jpg
56,56,master-of-tradition-revolution-carp,1598,Chinese Ink on Paper,Koi Fish,"
Master of Tradition & Revolution",https://chenwenhsi.com/wp-content/uploads/2018/01/master-of-tradition-revolution-carp.jpg,images/master-of-tradition-revolution-carp.jpg
57,57,chen-wen-hsi-carps-3,1285,Chinese Ink on Paper,Koi Fish,"
Paintings by Chen Wen Hsi",https://chenwenhsi.com/wp-content/uploads/2018/01/chen-wen-hsi-carps-3.jpg,images/chen-wen-hsi-carps-3.jpg
58,58,chen-wen-hsi-carps-4,1300,Chinese Ink on Paper,Koi Fish,"
Paintings by Chen Wen Hsi",https://chenwenhsi.com/wp-content/uploads/2018/01/chen-wen-hsi-carps-4.jpg,images/chen-wen-hsi-carps-4.jpg
59,59,carps-cwh,533,Chinese Ink on Paper,Koi Fish,"
A Dialogue With Tradition",https://chenwenhsi.com/wp-content/uploads/2017/08/carps-cwh.jpg,images/carps-cwh.jpg
60,60,chen-wen-hsi-carps-5,1310,Chinese Ink on Paper,Koi Fish,"
Paintings by Chen Wen Hsi",https://chenwenhsi.com/wp-content/uploads/2018/01/chen-wen-hsi-carps-5.jpg,images/chen-wen-hsi-carps-5.jpg
61,61,master-of-tradition-revolution-carps,1579,Chinese Ink on Paper,Koi Fish,"
Master of Tradition & Revolution",https://chenwenhsi.com/wp-content/uploads/2018/01/master-of-tradition-revolution-carps.jpg,images/master-of-tradition-revolution-carps.jpg
62,62,chen-wen-hsi-carps-7,1456,Chinese Ink on Paper,Koi Fish,"
Paintings by Chen Wen Hsi",https://chenwenhsi.com/wp-content/uploads/2018/01/chen-wen-hsi-carps-7.jpg,images/chen-wen-hsi-carps-7.jpg
63,63,chen-wen-hsi-carps-1,1250,Chinese Ink on Paper,Koi Fish,"
Paintings by Chen Wen Hsi",https://chenwenhsi.com/wp-content/uploads/2018/01/chen-wen-hsi-carps-1.jpg,images/chen-wen-hsi-carps-1.jpg
64,64,chen-wen-hsi-carps-2,1277,Chinese Ink on Paper,Koi Fish,"
Paintings by Chen Wen Hsi",https://chenwenhsi.com/wp-content/uploads/2018/01/chen-wen-hsi-carps-2.jpg,images/chen-wen-hsi-carps-2.jpg
65,65,chen-wen-hsi-carps-6,1361,Chinese Ink on Paper,Koi Fish,"
Paintings by Chen Wen Hsi",https://chenwenhsi.com/wp-content/uploads/2018/01/chen-wen-hsi-carps-6.jpg,images/chen-wen-hsi-carps-6.jpg
66,66,carps-under-vines,1026,Chinese Ink on Paper,Koi Fish,"
Paintings by Chen Wen Hsi",https://chenwenhsi.com/wp-content/uploads/2017/09/carps-under-vines.jpg,images/carps-under-vines.jpg
67,67,catfish-chen-wen-hsi,527,Chinese Ink on Paper,Catfish,"
A Dialogue With Tradition",https://chenwenhsi.com/wp-content/uploads/2017/08/catfish-chen-wen-hsi.jpg,images/catfish-chen-wen-hsi.jpg
68,68,chasing-cwh,746,Chinese Ink on Paper,Koi Fish,"
Paintings by Chen Wen Hsi",https://chenwenhsi.com/wp-content/uploads/2017/08/chasing-cwh.jpg,images/chasing-cwh.jpg
69,69,chicken-chen-wen-hsi,515,Chinese Ink on Paper,Chicken,"
A Dialogue With Tradition",https://chenwenhsi.com/wp-content/uploads/2017/08/chicken-chen-wen-hsi.jpg,images/chicken-chen-wen-hsi.jpg
70,70,chicken-cwh-1,535,Chinese Ink on Paper,Chicken,"
A Dialogue With Tradition",https://chenwenhsi.com/wp-content/uploads/2017/08/chicken-cwh-1.jpg,images/chicken-cwh-1.jpg
71,71,chicken-3445,1658,Chinese Ink on Paper,Chicken,Not in a publication,https://chenwenhsi.com/wp-content/uploads/2018/08/chicken-3445.jpg,images/chicken-3445.jpg
72,72,chicken-and-sparrows,463,Chinese Ink on Paper,Chicken,"
Chen Wen Hsi Retrospective 1982",https://chenwenhsi.com/wp-content/uploads/2017/08/chicken-and-sparrows.jpg,images/chicken-and-sparrows.jpg
73,73,chen-wen-hsi-chicken-in-flowers,1212,Chinese Ink on Paper,Chicken,"
Paintings by Chen Wen Hsi",https://chenwenhsi.com/wp-content/uploads/2018/01/chen-wen-hsi-chicken-in-flowers.jpg,images/chen-wen-hsi-chicken-in-flowers.jpg
74,74,chicken-in-the-garden,481,Chinese Ink on Paper,Chicken,"
Chen Wen Hsi Retrospective 1982",https://chenwenhsi.com/wp-content/uploads/2017/08/chicken-in-the-garden.jpg,images/chicken-in-the-garden.jpg
75,75,chickens-5,1024,Chinese Ink on Paper,Chicken,"
Paintings by Chen Wen Hsi",https://chenwenhsi.com/wp-content/uploads/2017/09/chickens-5.jpg,images/chickens-5.jpg
76,76,chenwenhsi-chickens,1040,Chinese Ink on Paper,Chicken,"
Paintings by Chen Wen Hsi",https://chenwenhsi.com/wp-content/uploads/2017/09/chenwenhsi-chickens.jpg,images/chenwenhsi-chickens.jpg
77,77,master-of-tradition-revolution-chickens,1589,Chinese Ink on Paper,Chicken,"
Master of Tradition & Revolution",https://chenwenhsi.com/wp-content/uploads/2018/01/master-of-tradition-revolution-chickens.jpg,images/master-of-tradition-revolution-chickens.jpg
78,78,chen-wen-hsi-chickens-2,1417,Chinese Ink on Paper,Chicken,"
Paintings by Chen Wen Hsi",https://chenwenhsi.com/wp-content/uploads/2018/01/chen-wen-hsi-chickens-2.jpg,images/chen-wen-hsi-chickens-2.jpg
79,79,chen-wen-hsi-chickens-3,1438,Chinese Ink on Paper,Chicken,"
Paintings by Chen Wen Hsi",https://chenwenhsi.com/wp-content/uploads/2018/01/chen-wen-hsi-chickens-3.jpg,images/chen-wen-hsi-chickens-3.jpg
80,80,chen-wen-hsi-chickens-4,1450,Chinese Ink on Paper,Chicken,"
Paintings by Chen Wen Hsi",https://chenwenhsi.com/wp-content/uploads/2018/01/chen-wen-hsi-chickens-4.jpg,images/chen-wen-hsi-chickens-4.jpg
81,81,chen-wen-hsi-chickens-5,1458,Chinese Ink on Paper,Chicken,"
Paintings by Chen Wen Hsi",https://chenwenhsi.com/wp-content/uploads/2018/01/chen-wen-hsi-chickens-5.jpg,images/chen-wen-hsi-chickens-5.jpg
82,82,chen-wen-hsi-chicken-4,1464,Chinese Ink on Paper,Chicken,"
Paintings by Chen Wen Hsi",https://chenwenhsi.com/wp-content/uploads/2018/01/chen-wen-hsi-chicken-4.jpg,images/chen-wen-hsi-chicken-4.jpg
83,83,chen-wen-hsi-chicken-5,1466,Chinese Ink on Paper,Chicken,"
Paintings by Chen Wen Hsi",https://chenwenhsi.com/wp-content/uploads/2018/01/chen-wen-hsi-chicken-5.jpg,images/chen-wen-hsi-chicken-5.jpg
84,84,chen-wen-hsi-chickens-6,1471,Chinese Ink on Paper,Chicken,"
Paintings by Chen Wen Hsi",https://chenwenhsi.com/wp-content/uploads/2018/01/chen-wen-hsi-chickens-6.jpg,images/chen-wen-hsi-chickens-6.jpg
85,85,chen-wen-hsi-chickens-7,1473,Chinese Ink on Paper,Chicken,"
Paintings by Chen Wen Hsi",https://chenwenhsi.com/wp-content/uploads/2018/01/chen-wen-hsi-chickens-7.jpg,images/chen-wen-hsi-chickens-7.jpg
86,86,chen-wen-hsi-chickens-8,1475,Chinese Ink on Paper,Chicken,"
Paintings by Chen Wen Hsi",https://chenwenhsi.com/wp-content/uploads/2018/01/chen-wen-hsi-chickens-8.jpg,images/chen-wen-hsi-chickens-8.jpg
87,87,chen-wen-hsi-chickens-9,1487,Chinese Ink on Paper,Chicken,"
Paintings by Chen Wen Hsi",https://chenwenhsi.com/wp-content/uploads/2018/01/chen-wen-hsi-chickens-9.jpg,images/chen-wen-hsi-chickens-9.jpg
89,89,chen-wen-hsi-chicken-1,1238,Chinese Ink on Paper,Chicken,"
Paintings by Chen Wen Hsi",https://chenwenhsi.com/wp-content/uploads/2018/01/chen-wen-hsi-chicken-1.jpg,images/chen-wen-hsi-chicken-1.jpg
90,90,chen-wen-hsi-chickens-10,1499,Chinese Ink on Paper,Chicken,"
Paintings by Chen Wen Hsi",https://chenwenhsi.com/wp-content/uploads/2018/01/chen-wen-hsi-chickens-10.jpg,images/chen-wen-hsi-chickens-10.jpg
91,91,chen-wen-hsi-chickens-12,1505,Chinese Ink on Paper,Chicken,"
Paintings by Chen Wen Hsi",https://chenwenhsi.com/wp-content/uploads/2018/01/chen-wen-hsi-chickens-12.jpg,images/chen-wen-hsi-chickens-12.jpg
92,92,chen-wen-hsi-chickens-13,1511,Chinese Ink on Paper,Chicken,"
Paintings by Chen Wen Hsi",https://chenwenhsi.com/wp-content/uploads/2018/01/chen-wen-hsi-chickens-13.jpg,images/chen-wen-hsi-chickens-13.jpg
93,93,chen-wen-hsi-chickens-14,1513,Chinese Ink on Paper,Chicken,"
Paintings by Chen Wen Hsi",https://chenwenhsi.com/wp-content/uploads/2018/01/chen-wen-hsi-chickens-14.jpg,images/chen-wen-hsi-chickens-14.jpg
94,94,chen-wen-hsi-chicken-3,1260,Chinese Ink on Paper,Chicken,"
Paintings by Chen Wen Hsi",https://chenwenhsi.com/wp-content/uploads/2018/01/chen-wen-hsi-chicken-3.jpg,images/chen-wen-hsi-chicken-3.jpg
95,95,chen-wen-hsi-chickens-15,1519,Chinese Ink on Paper,Chicken,"
Paintings by Chen Wen Hsi",https://chenwenhsi.com/wp-content/uploads/2018/01/chen-wen-hsi-chickens-15.jpg,images/chen-wen-hsi-chickens-15.jpg
96,96,chen-wen-hsi-chickens-16,1523,Chinese Ink on Paper,Chicken,"
Paintings by Chen Wen Hsi",https://chenwenhsi.com/wp-content/uploads/2018/01/chen-wen-hsi-chickens-16.jpg,images/chen-wen-hsi-chickens-16.jpg
97,97,chickens-chen-wen-hsi,1012,Chinese Ink on Paper,Chicken,"
Paintings by Chen Wen Hsi",https://chenwenhsi.com/wp-content/uploads/2017/09/chickens-chen-wen-hsi.jpg,images/chickens-chen-wen-hsi.jpg
98,98,chen-wen-hsi-chickens-17,1531,Chinese Ink on Paper,Chicken,"
Paintings by Chen Wen Hsi",https://chenwenhsi.com/wp-content/uploads/2018/01/chen-wen-hsi-chickens-17.jpg,images/chen-wen-hsi-chickens-17.jpg
99,99,chickens-chenwenhsi,1020,Chinese Ink on Paper,Chicken,"
Paintings by Chen Wen Hsi",https://chenwenhsi.com/wp-content/uploads/2017/09/chickens-chenwenhsi.jpg,images/chickens-chenwenhsi.jpg
100,100,chickens-sparrows-chenwenhsi,1068,Chinese Ink on Paper,Chicken,"
Paintings by Chen Wen Hsi",https://chenwenhsi.com/wp-content/uploads/2017/09/chickens-sparrows-chenwenhsi.jpg,images/chickens-sparrows-chenwenhsi.jpg
101,101,chickens-sparrows-chenwenhsi-1,1079,Chinese Ink on Paper,Chicken,"
Paintings by Chen Wen Hsi",https://chenwenhsi.com/wp-content/uploads/2017/09/chickens-sparrows-chenwenhsi-1.jpg,images/chickens-sparrows-chenwenhsi-1.jpg
102,102,chicken-in-garden,1091,Chinese Ink on Paper,Chicken,"
Paintings by Chen Wen Hsi",https://chenwenhsi.com/wp-content/uploads/2017/09/chicken-in-garden.jpg,images/chicken-in-garden.jpg
103,103,chicks-chen-wen-hsi,531,Chinese Ink on Paper,Chicken,"
A Dialogue With Tradition",https://chenwenhsi.com/wp-content/uploads/2017/08/chicks-chen-wen-hsi.jpg,images/chicks-chen-wen-hsi.jpg
104,104,master-of-tradition-revolution-chicken,1648,Chinese Ink on Paper,Chicken,"
Master of Tradition & Revolution",https://chenwenhsi.com/wp-content/uploads/2018/01/master-of-tradition-revolution-chicken.jpg,images/master-of-tradition-revolution-chicken.jpg
105,105,color-carps,465,Chinese Ink on Paper,Koi Fish,"
Chen Wen Hsi Retrospective 1982",https://chenwenhsi.com/wp-content/uploads/2017/08/color-carps.jpg,images/color-carps.jpg
106,106,community-cwh,550,Chinese Ink on Paper,Crane,"
A Dialogue With Tradition",https://chenwenhsi.com/wp-content/uploads/2017/08/community-cwh.jpg,images/community-cwh.jpg
107,107,birds-and-corn,1028,Chinese Ink on Paper,Sparrow,"
Paintings by Chen Wen Hsi",https://chenwenhsi.com/wp-content/uploads/2017/09/birds-and-corn.jpg,images/birds-and-corn.jpg
108,108,couple,758,Chinese Ink on Paper,Heron,"
Paintings by Chen Wen Hsi",https://chenwenhsi.com/wp-content/uploads/2017/08/couple.jpg,images/couple.jpg
109,109,cranes-chen-wen-hsi-2,525,Chinese Ink on Paper,Crane,"
A Dialogue With Tradition",https://chenwenhsi.com/wp-content/uploads/2017/08/cranes-chen-wen-hsi-2.jpg,images/cranes-chen-wen-hsi-2.jpg
110,110,crocking-frogs,672,Chinese Ink on Paper,Frog,"
Paintings by Chen Wen Hsi",https://chenwenhsi.com/wp-content/uploads/2017/08/crocking-frogs.jpg,images/crocking-frogs.jpg
111,111,dawn-in-fishing-village-1976,441,Oil on Canvas,Village / Kampong,"
Chen Wen Hsi Retrospective 1982",https://chenwenhsi.com/wp-content/uploads/2017/08/dawn-in-fishing-village-1976.jpg,images/dawn-in-fishing-village-1976.jpg
112,112,dawn-fishing-village,992,Oil on Canvas,Village / Kampong,"
Paintings by Chen Wen Hsi",https://chenwenhsi.com/wp-content/uploads/2017/09/dawn-fishing-village.jpg,images/dawn-fishing-village.jpg
113,113,chen-wen-hsi-doves,1198,Chinese Ink on Paper,Dove,"
Paintings by Chen Wen Hsi",https://chenwenhsi.com/wp-content/uploads/2018/01/chen-wen-hsi-doves.jpg,images/chen-wen-hsi-doves.jpg
114,114,doves-of-peace,748,Chinese Ink on Paper,Dove,"
Paintings by Chen Wen Hsi",https://chenwenhsi.com/wp-content/uploads/2017/08/doves-of-peace.jpg,images/doves-of-peace.jpg
115,115,ducks-chenwenhsi,1054,Chinese Ink on Paper,Duck,"
Paintings by Chen Wen Hsi",https://chenwenhsi.com/wp-content/uploads/2017/09/ducks-chenwenhsi.jpg,images/ducks-chenwenhsi.jpg
116,116,ducks-chenwenhsi-1,1062,Chinese Ink on Paper,Duck,"
Paintings by Chen Wen Hsi",https://chenwenhsi.com/wp-content/uploads/2017/09/ducks-chenwenhsi-1.jpg,images/ducks-chenwenhsi-1.jpg
117,117,master-of-tradition-revolution-ducks,1595,Chinese Ink on Paper,Duck,"
Master of Tradition & Revolution",https://chenwenhsi.com/wp-content/uploads/2018/01/master-of-tradition-revolution-ducks.jpg,images/master-of-tradition-revolution-ducks.jpg
118,118,master-of-tradition-revolution-ducks-1,1602,Chinese Ink on Paper,Duck,"
Master of Tradition & Revolution",https://chenwenhsi.com/wp-content/uploads/2018/01/master-of-tradition-revolution-ducks-1.jpg,images/master-of-tradition-revolution-ducks-1.jpg
119,119,master-of-tradition-revolution-ducks-2,1618,Chinese Ink on Paper,Duck,"
Master of Tradition & Revolution",https://chenwenhsi.com/wp-content/uploads/2018/01/master-of-tradition-revolution-ducks-2.jpg,images/master-of-tradition-revolution-ducks-2.jpg
120,120,ducks-reeds,1660,Chinese Ink on Paper,Duck,Not in a publication,https://chenwenhsi.com/wp-content/uploads/2018/08/ducks-reeds.jpg,images/ducks-reeds.jpg
121,121,chen-wen-hsi-ducks-2,1186,Chinese Ink on Paper,Duck,"
Paintings by Chen Wen Hsi",https://chenwenhsi.com/wp-content/uploads/2018/01/chen-wen-hsi-ducks-2.jpg,images/chen-wen-hsi-ducks-2.jpg
122,122,chen-wen-hsi-ducks-4,1235,Chinese Ink on Paper,Duck,"
Paintings by Chen Wen Hsi",https://chenwenhsi.com/wp-content/uploads/2018/01/chen-wen-hsi-ducks-4.jpg,images/chen-wen-hsi-ducks-4.jpg
123,123,chen-wen-hsi-ducks-5,1248,Chinese Ink on Paper,Duck,"
Paintings by Chen Wen Hsi",https://chenwenhsi.com/wp-content/uploads/2018/01/chen-wen-hsi-ducks-5.jpg,images/chen-wen-hsi-ducks-5.jpg
124,124,ducks-chen-wen-hsi,996,Chinese Ink on Paper,Duck,"
Paintings by Chen Wen Hsi",https://chenwenhsi.com/wp-content/uploads/2017/09/ducks-chen-wen-hsi.jpg,images/ducks-chen-wen-hsi.jpg
125,125,chen-wen-hsi-ducks-6,1254,Chinese Ink on Paper,Duck,"
Paintings by Chen Wen Hsi",https://chenwenhsi.com/wp-content/uploads/2018/01/chen-wen-hsi-ducks-6.jpg,images/chen-wen-hsi-ducks-6.jpg
126,126,ducks-chen-wen-hsi-1,521,Chinese Ink on Paper,Duck,"
A Dialogue With Tradition",https://chenwenhsi.com/wp-content/uploads/2017/08/ducks-chen-wen-hsi-1.jpg,images/ducks-chen-wen-hsi-1.jpg
127,127,chen-wen-hsi-ducks-3,1190,Chinese Ink on Paper,Duck,"
Paintings by Chen Wen Hsi",https://chenwenhsi.com/wp-content/uploads/2018/01/chen-wen-hsi-ducks-3.jpg,images/chen-wen-hsi-ducks-3.jpg
128,128,ducks-by-river-chen-wen-hsi,1103,Chinese Ink on Paper,Duck,"
Paintings by Chen Wen Hsi",https://chenwenhsi.com/wp-content/uploads/2017/09/ducks-by-river-chen-wen-hsi.jpg,images/ducks-by-river-chen-wen-hsi.jpg
129,129,chen-wen-hsi-ducks-7,1266,Chinese Ink on Paper,Duck,"
Paintings by Chen Wen Hsi",https://chenwenhsi.com/wp-content/uploads/2018/01/chen-wen-hsi-ducks-7.jpg,images/chen-wen-hsi-ducks-7.jpg
130,130,chen-wen-hsi-ducks-8,1268,Chinese Ink on Paper,Duck,"
Paintings by Chen Wen Hsi",https://chenwenhsi.com/wp-content/uploads/2018/01/chen-wen-hsi-ducks-8.jpg,images/chen-wen-hsi-ducks-8.jpg
131,131,ducks-in-the-river,489,Chinese Ink on Paper,Duck,"
Chen Wen Hsi Retrospective 1982",https://chenwenhsi.com/wp-content/uploads/2017/08/ducks-in-the-river.jpg,images/ducks-in-the-river.jpg
132,132,ducks-know-spring-early,471,Chinese Ink on Paper,Duck,"
Chen Wen Hsi Retrospective 1982",https://chenwenhsi.com/wp-content/uploads/2017/08/ducks-know-spring-early.jpg,images/ducks-know-spring-early.jpg
133,133,chen-wen-hsi-ducks-1,1178,Chinese Ink on Paper,Duck,"
Paintings by Chen Wen Hsi",https://chenwenhsi.com/wp-content/uploads/2018/01/chen-wen-hsi-ducks-1.jpg,images/chen-wen-hsi-ducks-1.jpg
134,134,chen-wen-hsi-lotus-and-bird,1454,Chinese Ink on Paper,Lotus,"
Paintings by Chen Wen Hsi",https://chenwenhsi.com/wp-content/uploads/2018/01/chen-wen-hsi-lotus-and-bird.jpg,images/chen-wen-hsi-lotus-and-bird.jpg
135,135,fish-and-lotus-chenwenhsi,1030,Chinese Ink on Paper,Koi Fish,"
Paintings by Chen Wen Hsi",https://chenwenhsi.com/wp-content/uploads/2017/09/fish-and-lotus-chenwenhsi.jpg,images/fish-and-lotus-chenwenhsi.jpg
136,136,chen-wen-hsi-koifish,1308,Chinese Ink on Paper,Koi Fish,"
Paintings by Chen Wen Hsi",https://chenwenhsi.com/wp-content/uploads/2018/01/chen-wen-hsi-koifish.jpg,images/chen-wen-hsi-koifish.jpg
137,137,master-of-tradition-revolution-fishes,1647,Chinese Ink on Paper,Koi Fish,"
Master of Tradition & Revolution",https://chenwenhsi.com/wp-content/uploads/2018/01/master-of-tradition-revolution-fishes.jpg,images/master-of-tradition-revolution-fishes.jpg
138,138,fishing-chen-wen-hsi,540,Chinese Ink on Paper,Crane,"
A Dialogue With Tradition",https://chenwenhsi.com/wp-content/uploads/2017/08/fishing-chen-wen-hsi.jpg,images/fishing-chen-wen-hsi.jpg
139,139,fishing-cwh,730,Chinese Ink on Paper,Sparrow,"
Paintings by Chen Wen Hsi",https://chenwenhsi.com/wp-content/uploads/2017/08/fishing-cwh.jpg,images/fishing-cwh.jpg
140,140,fishing-kampong-1962,443,Oil on Canvas,Village / Kampong,"
Chen Wen Hsi Retrospective 1982",https://chenwenhsi.com/wp-content/uploads/2017/08/fishing-kampong-1962.jpg,images/fishing-kampong-1962.jpg
141,141,fishing-village-1970,445,Oil on Canvas,Village / Kampong,"
Chen Wen Hsi Retrospective 1982",https://chenwenhsi.com/wp-content/uploads/2017/08/fishing-village-1970.jpg,images/fishing-village-1970.jpg
142,142,fishing-village-cwh,984,Mixed Media on Paper,Village / Kampong,"
Paintings by Chen Wen Hsi",https://chenwenhsi.com/wp-content/uploads/2017/09/fishing-village-cwh.jpg,images/fishing-village-cwh.jpg
143,143,chen-wen-hsi-016,990,Oil on Canvas,Village / Kampong,"
Paintings by Chen Wen Hsi",https://chenwenhsi.com/wp-content/uploads/2017/09/chen-wen-hsi-016.jpg,images/chen-wen-hsi-016.jpg
144,144,fishing-village,1006,Chinese Ink on Paper,Village / Kampong,"
Paintings by Chen Wen Hsi",https://chenwenhsi.com/wp-content/uploads/2017/09/fishing-village.jpg,images/fishing-village.jpg
145,145,master-of-tradition-revolution-sparrow-1,1604,Chinese Ink on Paper,Sparrow,"
Master of Tradition & Revolution",https://chenwenhsi.com/wp-content/uploads/2018/01/master-of-tradition-revolution-sparrow-1.jpg,images/master-of-tradition-revolution-sparrow-1.jpg
146,146,chen-wen-hsi-sparrow-6,1372,Chinese Ink on Paper,Sparrow,"
Paintings by Chen Wen Hsi",https://chenwenhsi.com/wp-content/uploads/2018/01/chen-wen-hsi-sparrow-6.jpg,images/chen-wen-hsi-sparrow-6.jpg
147,147,chen-wen-hsi-sparrow-8,1479,Chinese Ink on Paper,Sparrow,"
Paintings by Chen Wen Hsi",https://chenwenhsi.com/wp-content/uploads/2018/01/chen-wen-hsi-sparrow-8.jpg,images/chen-wen-hsi-sparrow-8.jpg
148,148,chen-wen-hsi-sparrow-9,1481,Chinese Ink on Paper,Sparrow,"
Paintings by Chen Wen Hsi",https://chenwenhsi.com/wp-content/uploads/2018/01/chen-wen-hsi-sparrow-9.jpg,images/chen-wen-hsi-sparrow-9.jpg
149,149,chen-wen-hsi-sparrows-10,1493,Chinese Ink on Paper,Sparrow,"
Paintings by Chen Wen Hsi",https://chenwenhsi.com/wp-content/uploads/2018/01/chen-wen-hsi-sparrows-10.jpg,images/chen-wen-hsi-sparrows-10.jpg
150,150,chen-wen-hsi-squirrel-1,1290,Chinese Ink on Paper,Squirrel,"
Paintings by Chen Wen Hsi",https://chenwenhsi.com/wp-content/uploads/2018/01/chen-wen-hsi-squirrel-1.jpg,images/chen-wen-hsi-squirrel-1.jpg
151,151,chen-wen-hsi-squirrel-5,1357,Chinese Ink on Paper,Squirrel,"
Paintings by Chen Wen Hsi",https://chenwenhsi.com/wp-content/uploads/2018/01/chen-wen-hsi-squirrel-5.jpg,images/chen-wen-hsi-squirrel-5.jpg
152,152,flying-squirrel,638,Chinese Ink on Paper,Squirrel,"
Paintings by Chen Wen Hsi",https://chenwenhsi.com/wp-content/uploads/2017/08/flying-squirrel.jpg,images/flying-squirrel.jpg
153,153,foundation-1967,449,Oil on Canvas,Abstract,"
Chen Wen Hsi Retrospective 1982",https://chenwenhsi.com/wp-content/uploads/2017/08/foundation-1967.jpg,images/foundation-1967.jpg
154,154,fowl-by-shore,1071,Chinese Ink on Paper,Duck,"
Paintings by Chen Wen Hsi",https://chenwenhsi.com/wp-content/uploads/2017/09/fowl-by-shore.jpg,images/fowl-by-shore.jpg
155,155,fowls-chen-wen-hsi,662,Chinese Ink on Paper,Fowls,"
Paintings by Chen Wen Hsi",https://chenwenhsi.com/wp-content/uploads/2017/08/fowls-chen-wen-hsi.jpg,images/fowls-chen-wen-hsi.jpg
156,156,master-of-tradition-revolution-frogs,1630,Chinese Ink on Paper,Frog,"
Master of Tradition & Revolution",https://chenwenhsi.com/wp-content/uploads/2018/01/master-of-tradition-revolution-frogs.jpg,images/master-of-tradition-revolution-frogs.jpg
157,157,frogs-song,686,Chinese Ink on Paper,Frog,"
Paintings by Chen Wen Hsi",https://chenwenhsi.com/wp-content/uploads/2017/08/frogs-song.jpg,images/frogs-song.jpg
158,158,fury-fowls-autumn-daisy,706,Chinese Ink on Paper,Fowls,"
Paintings by Chen Wen Hsi",https://chenwenhsi.com/wp-content/uploads/2017/08/fury-fowls-autumn-daisy.jpg,images/fury-fowls-autumn-daisy.jpg
159,159,game-cwh,700,Chinese Ink on Paper,Gibbon,"
Paintings by Chen Wen Hsi",https://chenwenhsi.com/wp-content/uploads/2017/08/game-cwh.jpg,images/game-cwh.jpg
160,160,chen-wen-hsi-gibbon-1,1371,Chinese Ink on Paper,Gibbon,"
Paintings by Chen Wen Hsi",https://chenwenhsi.com/wp-content/uploads/2018/01/chen-wen-hsi-gibbon-1.jpg,images/chen-wen-hsi-gibbon-1.jpg
161,161,master-of-tradition-revolution-gibbon-1,1624,Chinese Ink on Paper,Gibbon,"
Master of Tradition & Revolution",https://chenwenhsi.com/wp-content/uploads/2018/01/master-of-tradition-revolution-gibbon-1.jpg,images/master-of-tradition-revolution-gibbon-1.jpg
162,162,chen-wen-hsi-gibbons-game,1200,Chinese Ink on Paper,Gibbon,"
Paintings by Chen Wen Hsi",https://chenwenhsi.com/wp-content/uploads/2018/01/chen-wen-hsi-gibbons-game.jpg,images/chen-wen-hsi-gibbons-game.jpg
163,163,chenwenhsi-gibbons,1032,Chinese Ink on Paper,Gibbon,"
Paintings by Chen Wen Hsi",https://chenwenhsi.com/wp-content/uploads/2017/09/chenwenhsi-gibbons.jpg,images/chenwenhsi-gibbons.jpg
164,164,gibbons,1038,Chinese Ink on Paper,Gibbon,"
Paintings by Chen Wen Hsi",https://chenwenhsi.com/wp-content/uploads/2017/09/gibbons.jpg,images/gibbons.jpg
165,165,gibbons-1,1048,Chinese Ink on Paper,Gibbon,"
Paintings by Chen Wen Hsi",https://chenwenhsi.com/wp-content/uploads/2017/09/gibbons-1.jpg,images/gibbons-1.jpg
166,166,gibbons-chen-wen-hsi,1066,Chinese Ink on Paper,Gibbon,"
Paintings by Chen Wen Hsi",https://chenwenhsi.com/wp-content/uploads/2017/09/gibbons-chen-wen-hsi.jpg,images/gibbons-chen-wen-hsi.jpg
167,167,chen-wen-hsi-gibbons-8,1324,Chinese Ink on Paper,Gibbon,"
Paintings by Chen Wen Hsi",https://chenwenhsi.com/wp-content/uploads/2018/01/chen-wen-hsi-gibbons-8.jpg,images/chen-wen-hsi-gibbons-8.jpg
168,168,chen-wen-hsi-gibbons-9,1332,Chinese Ink on Paper,Gibbon,"
Paintings by Chen Wen Hsi",https://chenwenhsi.com/wp-content/uploads/2018/01/chen-wen-hsi-gibbons-9.jpg,images/chen-wen-hsi-gibbons-9.jpg
169,169,chen-wen-hsi-gibbons-10,1334,Chinese Ink on Paper,Gibbon,"
Paintings by Chen Wen Hsi",https://chenwenhsi.com/wp-content/uploads/2018/01/chen-wen-hsi-gibbons-10.jpg,images/chen-wen-hsi-gibbons-10.jpg
170,170,chen-wen-hsi-gibbons,1083,Chinese Ink on Paper,Gibbon,"
Paintings by Chen Wen Hsi",https://chenwenhsi.com/wp-content/uploads/2017/09/chen-wen-hsi-gibbons.jpg,images/chen-wen-hsi-gibbons.jpg
171,171,gibbon-chen-wen-hsi,1087,Chinese Ink on Paper,Gibbon,"
Paintings by Chen Wen Hsi",https://chenwenhsi.com/wp-content/uploads/2017/09/gibbon-chen-wen-hsi.jpg,images/gibbon-chen-wen-hsi.jpg
172,172,chen-wen-hsi-gibbons-11,1345,Chinese Ink on Paper,Gibbon,"
Paintings by Chen Wen Hsi",https://chenwenhsi.com/wp-content/uploads/2018/01/chen-wen-hsi-gibbons-11.jpg,images/chen-wen-hsi-gibbons-11.jpg
173,173,chen-wen-hsi-gibbons-1,1097,Chinese Ink on Paper,Gibbon,"
Paintings by Chen Wen Hsi",https://chenwenhsi.com/wp-content/uploads/2017/09/chen-wen-hsi-gibbons-1.jpg,images/chen-wen-hsi-gibbons-1.jpg
174,174,chen-wen-hsi-gibbons-13,1369,Chinese Ink on Paper,Gibbon,"
Paintings by Chen Wen Hsi",https://chenwenhsi.com/wp-content/uploads/2018/01/chen-wen-hsi-gibbons-13.jpg,images/chen-wen-hsi-gibbons-13.jpg
175,175,chen-wen-hsi-gibbons-15,1378,Chinese Ink on Paper,Gibbon,"
Paintings by Chen Wen Hsi",https://chenwenhsi.com/wp-content/uploads/2018/01/chen-wen-hsi-gibbons-15.jpg,images/chen-wen-hsi-gibbons-15.jpg
176,176,master-of-tradition-revolution-gibbons-1,1650,Chinese Ink on Paper,Gibbon,"
Master of Tradition & Revolution",https://chenwenhsi.com/wp-content/uploads/2018/01/master-of-tradition-revolution-gibbons-1.jpg,images/master-of-tradition-revolution-gibbons-1.jpg
179,179,chen-wen-hsi-gibbons-17,1407,Chinese Ink on Paper,Gibbon,"
Paintings by Chen Wen Hsi",https://chenwenhsi.com/wp-content/uploads/2018/01/chen-wen-hsi-gibbons-17.jpg,images/chen-wen-hsi-gibbons-17.jpg
180,180,chen-wen-hsi-gibbons-18,1411,Chinese Ink on Paper,Gibbon,"
Paintings by Chen Wen Hsi",https://chenwenhsi.com/wp-content/uploads/2018/01/chen-wen-hsi-gibbons-18.jpg,images/chen-wen-hsi-gibbons-18.jpg
182,182,chen-wen-hsi-gibbons-19,1415,Chinese Ink on Paper,Gibbon,"
Paintings by Chen Wen Hsi",https://chenwenhsi.com/wp-content/uploads/2018/01/chen-wen-hsi-gibbons-19.jpg,images/chen-wen-hsi-gibbons-19.jpg
183,183,chen-wen-hsi-gibbons-20,1421,Chinese Ink on Paper,Gibbon,"
Paintings by Chen Wen Hsi",https://chenwenhsi.com/wp-content/uploads/2018/01/chen-wen-hsi-gibbons-20.jpg,images/chen-wen-hsi-gibbons-20.jpg
184,184,chen-wen-hsi-gibbons-21,1431,Chinese Ink on Paper,Gibbon,"
Paintings by Chen Wen Hsi",https://chenwenhsi.com/wp-content/uploads/2018/01/chen-wen-hsi-gibbons-21.jpg,images/chen-wen-hsi-gibbons-21.jpg
185,185,chen-wen-hsi-gibbons-22,1436,Chinese Ink on Paper,Gibbon,"
Paintings by Chen Wen Hsi",https://chenwenhsi.com/wp-content/uploads/2018/01/chen-wen-hsi-gibbons-22.jpg,images/chen-wen-hsi-gibbons-22.jpg
186,186,chen-wen-hsi-gibbons-playing,1182,Chinese Ink on Paper,Gibbon,"
Paintings by Chen Wen Hsi",https://chenwenhsi.com/wp-content/uploads/2018/01/chen-wen-hsi-gibbons-playing.jpg,images/chen-wen-hsi-gibbons-playing.jpg
187,187,chen-wen-hsi-gibbons-2,1188,Chinese Ink on Paper,Gibbon,"
Paintings by Chen Wen Hsi",https://chenwenhsi.com/wp-content/uploads/2018/01/chen-wen-hsi-gibbons-2.jpg,images/chen-wen-hsi-gibbons-2.jpg
188,188,chen-wen-hsi-gibbons-23,1444,Chinese Ink on Paper,Gibbon,"
Paintings by Chen Wen Hsi",https://chenwenhsi.com/wp-content/uploads/2018/01/chen-wen-hsi-gibbons-23.jpg,images/chen-wen-hsi-gibbons-23.jpg
189,189,chen-wen-hsi-gibbons-3,1194,Chinese Ink on Paper,Gibbon,"
Paintings by Chen Wen Hsi",https://chenwenhsi.com/wp-content/uploads/2018/01/chen-wen-hsi-gibbons-3.jpg,images/chen-wen-hsi-gibbons-3.jpg
190,190,chen-wen-hsi-gibbons-24,1452,Chinese Ink on Paper,Gibbon,"
Paintings by Chen Wen Hsi",https://chenwenhsi.com/wp-content/uploads/2018/01/chen-wen-hsi-gibbons-24.jpg,images/chen-wen-hsi-gibbons-24.jpg
191,191,chen-wen-hsi-gibbons-4,1204,Chinese Ink on Paper,Gibbon,"
Paintings by Chen Wen Hsi",https://chenwenhsi.com/wp-content/uploads/2018/01/chen-wen-hsi-gibbons-4.jpg,images/chen-wen-hsi-gibbons-4.jpg
192,192,chen-wen-hsi-gibbons-5,1209,Chinese Ink on Paper,Gibbon,"
Paintings by Chen Wen Hsi",https://chenwenhsi.com/wp-content/uploads/2018/01/chen-wen-hsi-gibbons-5.jpg,images/chen-wen-hsi-gibbons-5.jpg
193,193,chen-wen-hsi-gibbons-6,1225,Chinese Ink on Paper,Gibbon,"
Paintings by Chen Wen Hsi",https://chenwenhsi.com/wp-content/uploads/2018/01/chen-wen-hsi-gibbons-6.jpg,images/chen-wen-hsi-gibbons-6.jpg
194,194,gibbons-family,726,Chinese Ink on Paper,Gibbon,"
Paintings by Chen Wen Hsi",https://chenwenhsi.com/wp-content/uploads/2017/08/gibbons-family.jpg,images/gibbons-family.jpg
195,195,gibbons-fetch-moon,642,Chinese Ink on Paper,Gibbon,"
Paintings by Chen Wen Hsi",https://chenwenhsi.com/wp-content/uploads/2017/08/gibbons-fetch-moon.jpg,images/gibbons-fetch-moon.jpg
196,196,gibbons-lonely-tree,694,Chinese Ink on Paper,Gibbon,"
Paintings by Chen Wen Hsi",https://chenwenhsi.com/wp-content/uploads/2017/08/gibbons-lonely-tree.jpg,images/gibbons-lonely-tree.jpg
197,197,gibbons-play-bees,660,Chinese Ink on Paper,Gibbon,"
Paintings by Chen Wen Hsi",https://chenwenhsi.com/wp-content/uploads/2017/08/gibbons-play-bees.jpg,images/gibbons-play-bees.jpg
198,198,chen-wen-hsi-gibbons-7,1320,Chinese Ink on Paper,Gibbon,"
Paintings by Chen Wen Hsi",https://chenwenhsi.com/wp-content/uploads/2018/01/chen-wen-hsi-gibbons-7.jpg,images/chen-wen-hsi-gibbons-7.jpg
199,199,chen-wen-hsi-gibbon,1328,Chinese Ink on Paper,Gibbon,"
Paintings by Chen Wen Hsi",https://chenwenhsi.com/wp-content/uploads/2018/01/chen-wen-hsi-gibbon.jpg,images/chen-wen-hsi-gibbon.jpg
200,200,chen-wen-hsi-gibbons-12,1347,Chinese Ink on Paper,Gibbon,"
Paintings by Chen Wen Hsi",https://chenwenhsi.com/wp-content/uploads/2018/01/chen-wen-hsi-gibbons-12.jpg,images/chen-wen-hsi-gibbons-12.jpg
201,201,chen-wen-hsi-gibbons-14,1374,Chinese Ink on Paper,Gibbon,"
Paintings by Chen Wen Hsi",https://chenwenhsi.com/wp-content/uploads/2018/01/chen-wen-hsi-gibbons-14.jpg,images/chen-wen-hsi-gibbons-14.jpg
202,202,chen-wen-hsi-gibbons-16,1405,Chinese Ink on Paper,Gibbon,"
Paintings by Chen Wen Hsi",https://chenwenhsi.com/wp-content/uploads/2018/01/chen-wen-hsi-gibbons-16.jpg,images/chen-wen-hsi-gibbons-16.jpg
204,204,gold-carps,744,Chinese Ink on Paper,Koi Fish,"
Paintings by Chen Wen Hsi",https://chenwenhsi.com/wp-content/uploads/2017/08/gold-carps.jpg,images/gold-carps.jpg
205,205,gold-carp-with-lotus,650,Chinese Ink on Paper,Koi Fish,"
Paintings by Chen Wen Hsi",https://chenwenhsi.com/wp-content/uploads/2017/08/gold-carp-with-lotus.jpg,images/gold-carp-with-lotus.jpg
206,206,master-of-tradition-revolution-gold-fish,1625,Chinese Ink on Paper,Goldfish,"
Master of Tradition & Revolution",https://chenwenhsi.com/wp-content/uploads/2018/01/master-of-tradition-revolution-gold-fish.jpg,images/master-of-tradition-revolution-gold-fish.jpg
207,207,good-earth-1971,447,Oil on Canvas,Abstract,"
Chen Wen Hsi Retrospective 1982",https://chenwenhsi.com/wp-content/uploads/2017/08/good-earth-1971.jpg,images/good-earth-1971.jpg
208,208,gourds-chen-wen-hsi,560,Chinese Ink on Paper,Gourds,"
A Dialogue With Tradition",https://chenwenhsi.com/wp-content/uploads/2017/08/gourds-chen-wen-hsi.jpg,images/gourds-chen-wen-hsi.jpg
209,209,cranes-chen-wen-hsi,523,Chinese Ink on Paper,Crane,"
A Dialogue With Tradition",https://chenwenhsi.com/wp-content/uploads/2017/08/cranes-chen-wen-hsi.jpg,images/cranes-chen-wen-hsi.jpg
210,210,hens-finger-painting,469,Chinese Ink on Paper,Chicken,"
Chen Wen Hsi Retrospective 1982",https://chenwenhsi.com/wp-content/uploads/2017/08/hens-finger-painting.jpg,images/hens-finger-painting.jpg
211,211,grazing-1965,437,Oil on Canvas,Cow,"
Chen Wen Hsi Retrospective 1982, Paintings by Chen Wen Hsi",https://chenwenhsi.com/wp-content/uploads/2017/08/grazing-1965.jpg,images/grazing-1965.jpg
212,212,master-of-tradition-revolution-heron,1649,Chinese Ink on Paper,Heron,"
Master of Tradition & Revolution",https://chenwenhsi.com/wp-content/uploads/2018/01/master-of-tradition-revolution-heron.jpg,images/master-of-tradition-revolution-heron.jpg
213,213,chen-wen-hsi-heron,1491,Chinese Ink on Paper,Heron,"
Paintings by Chen Wen Hsi",https://chenwenhsi.com/wp-content/uploads/2018/01/chen-wen-hsi-heron.jpg,images/chen-wen-hsi-heron.jpg
214,214,chen-wen-hsi-heron-1,1507,Chinese Ink on Paper,Heron,"
Paintings by Chen Wen Hsi",https://chenwenhsi.com/wp-content/uploads/2018/01/chen-wen-hsi-heron-1.jpg,images/chen-wen-hsi-heron-1.jpg
215,215,chen-wen-hsi-heron-2,1534,Chinese Ink on Paper,Heron,"
Paintings by Chen Wen Hsi",https://chenwenhsi.com/wp-content/uploads/2018/01/chen-wen-hsi-heron-2.jpg,images/chen-wen-hsi-heron-2.jpg
216,216,chen-wen-hsi-egret-1,1306,Chinese Ink on Paper,Heron,"
Paintings by Chen Wen Hsi",https://chenwenhsi.com/wp-content/uploads/2018/01/chen-wen-hsi-egret-1.jpg,images/chen-wen-hsi-egret-1.jpg
217,217,egrets,1052,Chinese Ink on Paper,Heron,"
Paintings by Chen Wen Hsi",https://chenwenhsi.com/wp-content/uploads/2017/09/egrets.jpg,images/egrets.jpg
218,218,chen-wen-hsi-egrets,1056,Chinese Ink on Paper,Heron,"
Paintings by Chen Wen Hsi",https://chenwenhsi.com/wp-content/uploads/2017/09/chen-wen-hsi-egrets.jpg,images/chen-wen-hsi-egrets.jpg
219,219,chen-wen-hsi-egrets-5,1312,Chinese Ink on Paper,Heron,"
Paintings by Chen Wen Hsi",https://chenwenhsi.com/wp-content/uploads/2018/01/chen-wen-hsi-egrets-5.jpg,images/chen-wen-hsi-egrets-5.jpg
220,220,egrets-chen-wen-hsi-1,1077,Chinese Ink on Paper,Heron,"
Paintings by Chen Wen Hsi",https://chenwenhsi.com/wp-content/uploads/2017/09/egrets-chen-wen-hsi-1.jpg,images/egrets-chen-wen-hsi-1.jpg
221,221,egrets-chen-wen-hsi-2,1081,Chinese Ink on Paper,Heron,"
Paintings by Chen Wen Hsi",https://chenwenhsi.com/wp-content/uploads/2017/09/egrets-chen-wen-hsi-2.jpg,images/egrets-chen-wen-hsi-2.jpg
222,222,egrets-chen-wen-hsi-3,1085,Chinese Ink on Paper,Heron,"
Paintings by Chen Wen Hsi",https://chenwenhsi.com/wp-content/uploads/2017/09/egrets-chen-wen-hsi-3.jpg,images/egrets-chen-wen-hsi-3.jpg
223,223,chen-wen-hsi-egret-2,1341,Chinese Ink on Paper,Heron,"
Paintings by Chen Wen Hsi",https://chenwenhsi.com/wp-content/uploads/2018/01/chen-wen-hsi-egret-2.jpg,images/chen-wen-hsi-egret-2.jpg
224,224,egret-chen-wen-hsi-1,1089,Chinese Ink on Paper,Heron,"
Paintings by Chen Wen Hsi",https://chenwenhsi.com/wp-content/uploads/2017/09/egret-chen-wen-hsi-1.jpg,images/egret-chen-wen-hsi-1.jpg
225,225,chen-wen-hsi-egrets-6,1349,Chinese Ink on Paper,Heron,"
Paintings by Chen Wen Hsi",https://chenwenhsi.com/wp-content/uploads/2018/01/chen-wen-hsi-egrets-6.jpg,images/chen-wen-hsi-egrets-6.jpg
226,226,chen-wen-hsi-egrets-7,1365,Chinese Ink on Paper,Heron,"
Paintings by Chen Wen Hsi",https://chenwenhsi.com/wp-content/uploads/2018/01/chen-wen-hsi-egrets-7.jpg,images/chen-wen-hsi-egrets-7.jpg
227,227,master-of-tradition-revolution-herons,1628,Chinese Ink on Paper,Heron,"
Master of Tradition & Revolution",https://chenwenhsi.com/wp-content/uploads/2018/01/master-of-tradition-revolution-herons.jpg,images/master-of-tradition-revolution-herons.jpg
228,228,master-of-tradition-revolution-herons-1,1629,Chinese Ink on Paper,Heron,"
Master of Tradition & Revolution",https://chenwenhsi.com/wp-content/uploads/2018/01/master-of-tradition-revolution-herons-1.jpg,images/master-of-tradition-revolution-herons-1.jpg
229,229,chen-wen-hsi-egrets-8,1376,Chinese Ink on Paper,Heron,"
Paintings by Chen Wen Hsi",https://chenwenhsi.com/wp-content/uploads/2018/01/chen-wen-hsi-egrets-8.jpg,images/chen-wen-hsi-egrets-8.jpg
230,230,chen-wen-hsi-egrets-9,1399,Chinese Ink on Paper,Heron,"
Paintings by Chen Wen Hsi",https://chenwenhsi.com/wp-content/uploads/2018/01/chen-wen-hsi-egrets-9.jpg,images/chen-wen-hsi-egrets-9.jpg
231,231,chen-wen-hsi-egrits,1148,Chinese Ink on Paper,Heron,"
Paintings by Chen Wen Hsi",https://chenwenhsi.com/wp-content/uploads/2018/01/chen-wen-hsi-egrits.jpg,images/chen-wen-hsi-egrits.jpg
232,232,chen-wen-hsi-egrets-10,1409,Chinese Ink on Paper,Heron,"
Paintings by Chen Wen Hsi",https://chenwenhsi.com/wp-content/uploads/2018/01/chen-wen-hsi-egrets-10.jpg,images/chen-wen-hsi-egrets-10.jpg
233,233,chen-wen-hsi-egrets-11,1413,Chinese Ink on Paper,Heron,"
Paintings by Chen Wen Hsi",https://chenwenhsi.com/wp-content/uploads/2018/01/chen-wen-hsi-egrets-11.jpg,images/chen-wen-hsi-egrets-11.jpg
235,235,herons-chen-wen-hsi,475,Chinese Ink on Paper,Heron,"
Chen Wen Hsi Retrospective 1982",https://chenwenhsi.com/wp-content/uploads/2017/08/herons-chen-wen-hsi.jpg,images/herons-chen-wen-hsi.jpg
236,236,chen-wen-hsi-egrets-1,1244,Chinese Ink on Paper,Heron,"
Paintings by Chen Wen Hsi",https://chenwenhsi.com/wp-content/uploads/2018/01/chen-wen-hsi-egrets-1.jpg,images/chen-wen-hsi-egrets-1.jpg
237,237,chen-wen-hsi-egrets-2,1246,Chinese Ink on Paper,Heron,"
Paintings by Chen Wen Hsi",https://chenwenhsi.com/wp-content/uploads/2018/01/chen-wen-hsi-egrets-2.jpg,images/chen-wen-hsi-egrets-2.jpg
238,238,chen-wen-hsi-egrets-3,1256,Chinese Ink on Paper,Heron,"
Paintings by Chen Wen Hsi",https://chenwenhsi.com/wp-content/uploads/2018/01/chen-wen-hsi-egrets-3.jpg,images/chen-wen-hsi-egrets-3.jpg
239,239,egrets-chen-wen-hsi,493,Chinese Ink on Paper,Heron,"
Chen Wen Hsi Retrospective 1982",https://chenwenhsi.com/wp-content/uploads/2017/08/egrets-chen-wen-hsi.jpg,images/egrets-chen-wen-hsi.jpg
240,240,chen-wen-hsi-egrets-4,1262,Chinese Ink on Paper,Heron,"
Paintings by Chen Wen Hsi",https://chenwenhsi.com/wp-content/uploads/2018/01/chen-wen-hsi-egrets-4.jpg,images/chen-wen-hsi-egrets-4.jpg
242,242,egret-chen-wen-hsi,1018,Chinese Ink on Paper,Calligraphy,"
Paintings by Chen Wen Hsi",https://chenwenhsi.com/wp-content/uploads/2017/09/egret-chen-wen-hsi.jpg,images/egret-chen-wen-hsi.jpg
243,243,chen-wen-hsi-herons,1535,Chinese Ink on Paper,Heron,"
Paintings by Chen Wen Hsi",https://chenwenhsi.com/wp-content/uploads/2018/01/chen-wen-hsi-herons.jpg,images/chen-wen-hsi-herons.jpg
244,244,herons-cwh,538,Chinese Ink on Paper,Heron,"
A Dialogue With Tradition",https://chenwenhsi.com/wp-content/uploads/2017/08/herons-cwh.jpg,images/herons-cwh.jpg
245,245,herons-flock,760,Chinese Ink on Paper,Heron,"
Paintings by Chen Wen Hsi",https://chenwenhsi.com/wp-content/uploads/2017/08/herons-flock.jpg,images/herons-flock.jpg
246,246,herons-autumn,644,Chinese Ink on Paper,Heron,"
Paintings by Chen Wen Hsi",https://chenwenhsi.com/wp-content/uploads/2017/08/herons-autumn.jpg,images/herons-autumn.jpg
247,247,master-of-tradition-revolution-calligraphy,1627,Chinese Ink on Paper,Calligraphy,"
Master of Tradition & Revolution",https://chenwenhsi.com/wp-content/uploads/2018/01/master-of-tradition-revolution-calligraphy.jpg,images/master-of-tradition-revolution-calligraphy.jpg
248,248,huai-su-practising-caligraphy,556,Chinese Ink on Paper,Calligraphy,"
A Dialogue With Tradition",https://chenwenhsi.com/wp-content/uploads/2017/08/huai-su-practising-caligraphy.jpg,images/huai-su-practising-caligraphy.jpg
249,249,hualian-chen-wen-hsi,500,Chinese Ink on Paper,Landscape,"
A Dialogue With Tradition",https://chenwenhsi.com/wp-content/uploads/2017/08/hualian-chen-wen-hsi.jpg,images/hualian-chen-wen-hsi.jpg
250,250,humming-bird-magnolia,720,Chinese Ink on Paper,Humming Bird,"
Paintings by Chen Wen Hsi",https://chenwenhsi.com/wp-content/uploads/2017/08/humming-bird-magnolia.jpg,images/humming-bird-magnolia.jpg
251,251,in-the-river-1974,455,Oil on Canvas,Abstract,"
Chen Wen Hsi Retrospective 1982",https://chenwenhsi.com/wp-content/uploads/2017/08/in-the-river-1974.jpg,images/in-the-river-1974.jpg
252,252,intimates,750,Chinese Ink on Paper,Heron,"
Paintings by Chen Wen Hsi",https://chenwenhsi.com/wp-content/uploads/2017/08/intimates.jpg,images/intimates.jpg
253,253,jump-over-tree,754,Chinese Ink on Paper,Gibbon,"
Paintings by Chen Wen Hsi",https://chenwenhsi.com/wp-content/uploads/2017/08/jump-over-tree.jpg,images/jump-over-tree.jpg
254,254,kingfisher-corn,1036,Chinese Ink on Paper,Kingfisher,"
Paintings by Chen Wen Hsi",https://chenwenhsi.com/wp-content/uploads/2017/09/kingfisher-corn.jpg,images/kingfisher-corn.jpg
255,255,koi-fish-chenwenhsi,1034,Chinese Ink on Paper,Koi Fish,"
Paintings by Chen Wen Hsi",https://chenwenhsi.com/wp-content/uploads/2017/09/koi-fish-chenwenhsi.jpg,images/koi-fish-chenwenhsi.jpg
256,256,chen-wen-hsi-landscape-5,1383,Chinese Ink on Paper,Landscape,"
Paintings by Chen Wen Hsi",https://chenwenhsi.com/wp-content/uploads/2018/01/chen-wen-hsi-landscape-5.jpg,images/chen-wen-hsi-landscape-5.jpg
257,257,chen-wen-hsi-landscape-6,1387,Chinese Ink on Paper,Landscape,"
Paintings by Chen Wen Hsi",https://chenwenhsi.com/wp-content/uploads/2018/01/chen-wen-hsi-landscape-6.jpg,images/chen-wen-hsi-landscape-6.jpg
258,258,chen-wen-hsi-landscape-7,1391,Chinese Ink on Paper,Landscape,"
Paintings by Chen Wen Hsi",https://chenwenhsi.com/wp-content/uploads/2018/01/chen-wen-hsi-landscape-7.jpg,images/chen-wen-hsi-landscape-7.jpg
259,259,chen-wen-hsi-landscape-8,1397,Chinese Ink on Paper,Landscape,"
Paintings by Chen Wen Hsi",https://chenwenhsi.com/wp-content/uploads/2018/01/chen-wen-hsi-landscape-8.jpg,images/chen-wen-hsi-landscape-8.jpg
260,260,chen-wen-hsi-landscape-9,1401,Chinese Ink on Paper,Landscape,"
Paintings by Chen Wen Hsi",https://chenwenhsi.com/wp-content/uploads/2018/01/chen-wen-hsi-landscape-9.jpg,images/chen-wen-hsi-landscape-9.jpg
261,261,master-of-tradition-revolution-landscape-3,1657,Chinese Ink on Paper,Landscape,"
Master of Tradition & Revolution",https://chenwenhsi.com/wp-content/uploads/2018/01/master-of-tradition-revolution-landscape-3.jpg,images/master-of-tradition-revolution-landscape-3.jpg
262,262,chen-wen-hsi-landscape-10,1425,Chinese Ink on Paper,Landscape,"
Paintings by Chen Wen Hsi",https://chenwenhsi.com/wp-content/uploads/2018/01/chen-wen-hsi-landscape-10.jpg,images/chen-wen-hsi-landscape-10.jpg
263,263,chen-wen-hsi-landscape-11,1460,Chinese Ink on Paper,Landscape,"
Paintings by Chen Wen Hsi",https://chenwenhsi.com/wp-content/uploads/2018/01/chen-wen-hsi-landscape-11.jpg,images/chen-wen-hsi-landscape-11.jpg
264,264,chen-wen-hsi-landscape,1206,Chinese Ink on Paper,Landscape,"
Paintings by Chen Wen Hsi",https://chenwenhsi.com/wp-content/uploads/2018/01/chen-wen-hsi-landscape.jpg,images/chen-wen-hsi-landscape.jpg
265,265,chen-wen-hsi-landscape-1,1208,Chinese Ink on Paper,Landscape,"
Paintings by Chen Wen Hsi",https://chenwenhsi.com/wp-content/uploads/2018/01/chen-wen-hsi-landscape-1.jpg,images/chen-wen-hsi-landscape-1.jpg
266,266,chen-wen-hsi-landscape-2,1217,Chinese Ink on Paper,Landscape,"
Paintings by Chen Wen Hsi",https://chenwenhsi.com/wp-content/uploads/2018/01/chen-wen-hsi-landscape-2.jpg,images/chen-wen-hsi-landscape-2.jpg
267,267,landscape-chen-wen-hsi,970,Oil on Canvas,Landscape,"
Paintings by Chen Wen Hsi",https://chenwenhsi.com/wp-content/uploads/2017/09/landscape-chen-wen-hsi.jpg,images/landscape-chen-wen-hsi.jpg
268,268,chen-wen-hsi-landscape-3,1233,Chinese Ink on Paper,Landscape,"
Paintings by Chen Wen Hsi",https://chenwenhsi.com/wp-content/uploads/2018/01/chen-wen-hsi-landscape-3.jpg,images/chen-wen-hsi-landscape-3.jpg
270,270,landscape-chen-wen-hsi-2,498,Chinese Ink on Paper,Landscape,"
A Dialogue With Tradition",https://chenwenhsi.com/wp-content/uploads/2017/08/landscape-chen-wen-hsi-2.jpg,images/landscape-chen-wen-hsi-2.jpg
271,271,chen-wen-hsi-026,1010,Chinese Ink on Paper,Landscape,"
Paintings by Chen Wen Hsi",https://chenwenhsi.com/wp-content/uploads/2017/09/chen-wen-hsi-026.jpg,images/chen-wen-hsi-026.jpg
272,272,landscape-chen-wen-hsi-1,1014,Chinese Ink on Paper,Landscape,"
Paintings by Chen Wen Hsi",https://chenwenhsi.com/wp-content/uploads/2017/09/landscape-chen-wen-hsi-1.jpg,images/landscape-chen-wen-hsi-1.jpg
274,274,chen-wen-hsi-landscape-4,1272,Chinese Ink on Paper,Landscape,"
Paintings by Chen Wen Hsi",https://chenwenhsi.com/wp-content/uploads/2018/01/chen-wen-hsi-landscape-4.jpg,images/chen-wen-hsi-landscape-4.jpg
275,275,master-of-tradition-revolution-landscape-with-boats,1651,Chinese Ink on Paper,Landscape,"
Master of Tradition & Revolution",https://chenwenhsi.com/wp-content/uploads/2018/01/master-of-tradition-revolution-landscape-with-boats.jpg,images/master-of-tradition-revolution-landscape-with-boats.jpg
276,276,master-of-tradition-revolution-landscape,1608,Chinese Ink on Paper,Landscape,"
Master of Tradition & Revolution",https://chenwenhsi.com/wp-content/uploads/2018/01/master-of-tradition-revolution-landscape.jpg,images/master-of-tradition-revolution-landscape.jpg
277,277,little-ones,718,Chinese Ink on Paper,Chicken,"
Paintings by Chen Wen Hsi",https://chenwenhsi.com/wp-content/uploads/2017/08/little-ones.jpg,images/little-ones.jpg
278,278,loofah-sparrow,698,Chinese Ink on Paper,Sparrow,"
Paintings by Chen Wen Hsi",https://chenwenhsi.com/wp-content/uploads/2017/08/loofah-sparrow.jpg,images/loofah-sparrow.jpg
279,279,chen-wen-hsi-chicken,1221,Chinese Ink on Paper,Chicken,"
Paintings by Chen Wen Hsi",https://chenwenhsi.com/wp-content/uploads/2018/01/chen-wen-hsi-chicken.jpg,images/chen-wen-hsi-chicken.jpg
280,280,looking-up-chen-wen-hsi,205,Chinese Ink on Paper,Heron,"
A Dialogue With Tradition",https://chenwenhsi.com/wp-content/uploads/2017/07/looking-up-chen-wen-hsi.jpg,images/looking-up-chen-wen-hsi.jpg
281,281,chenwenhsi-lotus,1064,Chinese Ink on Paper,Koi Fish,"
Paintings by Chen Wen Hsi",https://chenwenhsi.com/wp-content/uploads/2017/09/chenwenhsi-lotus.jpg,images/chenwenhsi-lotus.jpg
282,282,chen-wen-hsi-lotus,1258,Chinese Ink on Paper,Lotus,"
Paintings by Chen Wen Hsi",https://chenwenhsi.com/wp-content/uploads/2018/01/chen-wen-hsi-lotus.jpg,images/chen-wen-hsi-lotus.jpg
283,283,lotus-cwh-1,491,Chinese Ink on Paper,Lotus,"
Chen Wen Hsi Retrospective 1982",https://chenwenhsi.com/wp-content/uploads/2017/08/lotus-cwh-1.jpg,images/lotus-cwh-1.jpg
284,284,chen-wen-hsi-lotus-and-birds,1252,Chinese Ink on Paper,Lotus,"
Paintings by Chen Wen Hsi",https://chenwenhsi.com/wp-content/uploads/2018/01/chen-wen-hsi-lotus-and-birds.jpg,images/chen-wen-hsi-lotus-and-birds.jpg
285,285,lotus-bloom,562,Chinese Ink on Paper,Lotus,"
A Dialogue With Tradition",https://chenwenhsi.com/wp-content/uploads/2017/08/lotus-bloom.jpg,images/lotus-bloom.jpg
286,286,lotus-chen-wen-hsi,566,Chinese Ink on Paper,Lotus,"
A Dialogue With Tradition",https://chenwenhsi.com/wp-content/uploads/2017/08/lotus-chen-wen-hsi.jpg,images/lotus-chen-wen-hsi.jpg
287,287,master-of-tradition-revolution-lotus-pond,1626,Chinese Ink on Paper,Lotus,"
Master of Tradition & Revolution",https://chenwenhsi.com/wp-content/uploads/2018/01/master-of-tradition-revolution-lotus-pond.jpg,images/master-of-tradition-revolution-lotus-pond.jpg
288,288,lotus-pond-raining,756,Chinese Ink on Paper,Lotus,"
Paintings by Chen Wen Hsi",https://chenwenhsi.com/wp-content/uploads/2017/08/lotus-pond-raining.jpg,images/lotus-pond-raining.jpg
289,289,lotus-after-shower,648,Chinese Ink on Paper,Lotus,"
Paintings by Chen Wen Hsi",https://chenwenhsi.com/wp-content/uploads/2017/08/lotus-after-shower.jpg,images/lotus-after-shower.jpg
290,290,lovers-cwh,684,Chinese Ink on Paper,Duck,"
Paintings by Chen Wen Hsi",https://chenwenhsi.com/wp-content/uploads/2017/08/lovers-cwh.jpg,images/lovers-cwh.jpg
291,291,morning-bath,485,Chinese Ink on Paper,Heron,"
Chen Wen Hsi Retrospective 1982",https://chenwenhsi.com/wp-content/uploads/2017/08/morning-bath.jpg,images/morning-bath.jpg
292,292,morning-squirrels,479,Chinese Ink on Paper,Squirrel,"
Chen Wen Hsi Retrospective 1982",https://chenwenhsi.com/wp-content/uploads/2017/08/morning-squirrels.jpg,images/morning-squirrels.jpg
293,293,motherly-love,542,Chinese Ink on Paper,Crane,"
A Dialogue With Tradition",https://chenwenhsi.com/wp-content/uploads/2017/08/motherly-love.jpg,images/motherly-love.jpg
294,294,mothers-love,628,Oil on Canvas,Abstract,"
Paintings by Chen Wen Hsi",https://chenwenhsi.com/wp-content/uploads/2017/08/mothers-love.jpg,images/mothers-love.jpg
295,295,mountain-range,692,Chinese Ink on Paper,Landscape,"
Paintings by Chen Wen Hsi",https://chenwenhsi.com/wp-content/uploads/2017/08/mountain-range.jpg,images/mountain-range.jpg
296,296,net-drying-chen-wen-hsi,982,Mixed Media on Paper,Village / Kampong,"
Paintings by Chen Wen Hsi",https://chenwenhsi.com/wp-content/uploads/2017/09/net-drying-chen-wen-hsi.jpg,images/net-drying-chen-wen-hsi.jpg
297,297,nets-drying,988,Oil on Canvas,Village / Kampong,"
Paintings by Chen Wen Hsi",https://chenwenhsi.com/wp-content/uploads/2017/09/nets-drying.jpg,images/nets-drying.jpg
298,298,noon-chen-wen-hsi,509,Chinese Ink on Paper,Gibbon,"
A Dialogue With Tradition",https://chenwenhsi.com/wp-content/uploads/2017/08/noon-chen-wen-hsi.jpg,images/noon-chen-wen-hsi.jpg
299,299,chen-wen-hsi-women,962,Charcoal Pastel on Paper,Nude,"
Paintings by Chen Wen Hsi",https://chenwenhsi.com/wp-content/uploads/2017/09/chen-wen-hsi-women.jpg,images/chen-wen-hsi-women.jpg
300,300,chen-wen-hsi-women-2,964,Charcoal Pastel on Paper,Nude,"
Paintings by Chen Wen Hsi",https://chenwenhsi.com/wp-content/uploads/2017/09/chen-wen-hsi-women-2.jpg,images/chen-wen-hsi-women-2.jpg
301,301,chen-wen-hsi-women-3,966,Charcoal Pastel on Paper,Nude,"
Paintings by Chen Wen Hsi",https://chenwenhsi.com/wp-content/uploads/2017/09/chen-wen-hsi-women-3.jpg,images/chen-wen-hsi-women-3.jpg
302,302,chen-wen-hsi-women-4,968,Charcoal Pastel on Paper,Nude,"
Paintings by Chen Wen Hsi",https://chenwenhsi.com/wp-content/uploads/2017/09/chen-wen-hsi-women-4.jpg,images/chen-wen-hsi-women-4.jpg
303,303,oasis-1972,453,Oil on Canvas,Abstract,"
Chen Wen Hsi Retrospective 1982, Paintings by Chen Wen Hsi",https://chenwenhsi.com/wp-content/uploads/2017/08/oasis-1972.jpg,images/oasis-1972.jpg
304,304,pair-of-herons,656,Chinese Ink on Paper,Heron,"
Paintings by Chen Wen Hsi",https://chenwenhsi.com/wp-content/uploads/2017/08/pair-of-herons.jpg,images/pair-of-herons.jpg
305,305,pattern,634,Oil on Canvas,Abstract,"
Paintings by Chen Wen Hsi",https://chenwenhsi.com/wp-content/uploads/2017/08/pattern.jpg,images/pattern.jpg
306,306,master-of-tradition-revolution-pigeon-and-chrysanthemums,1606,Chinese Ink on Paper,Chrysanthemum,"
Master of Tradition & Revolution",https://chenwenhsi.com/wp-content/uploads/2018/01/master-of-tradition-revolution-pigeon-and-chrysanthemums.jpg,images/master-of-tradition-revolution-pigeon-and-chrysanthemums.jpg
307,307,chen-wen-hsi-pigeons,1044,Chinese Ink on Paper,Pigeon,"
Paintings by Chen Wen Hsi",https://chenwenhsi.com/wp-content/uploads/2017/09/chen-wen-hsi-pigeons.jpg,images/chen-wen-hsi-pigeons.jpg
308,308,pine-and-gibbons,467,Chinese Ink on Paper,Gibbon,"
Chen Wen Hsi Retrospective 1982",https://chenwenhsi.com/wp-content/uploads/2017/08/pine-and-gibbons.jpg,images/pine-and-gibbons.jpg
309,309,chen-wen-hsi-carps,1196,Chinese Ink on Paper,Koi Fish,"
Paintings by Chen Wen Hsi",https://chenwenhsi.com/wp-content/uploads/2018/01/chen-wen-hsi-carps.jpg,images/chen-wen-hsi-carps.jpg
310,310,playful-gibbons-cwh,506,Chinese Ink on Paper,Gibbon,"
A Dialogue With Tradition",https://chenwenhsi.com/wp-content/uploads/2017/08/playful-gibbons-cwh.jpg,images/playful-gibbons-cwh.jpg
311,311,playful-gibbons-2,511,Chinese Ink on Paper,Gibbon,"
A Dialogue With Tradition",https://chenwenhsi.com/wp-content/uploads/2017/08/playful-gibbons-2.jpg,images/playful-gibbons-2.jpg
312,312,playful-goldfish,654,Chinese Ink on Paper,Goldfish,"
Paintings by Chen Wen Hsi",https://chenwenhsi.com/wp-content/uploads/2017/08/playful-goldfish.jpg,images/playful-goldfish.jpg
313,313,chen-wen-hsi-catfish,1288,Chinese Ink on Paper,Catfish,"
Paintings by Chen Wen Hsi",https://chenwenhsi.com/wp-content/uploads/2018/01/chen-wen-hsi-catfish.jpg,images/chen-wen-hsi-catfish.jpg
314,314,master-of-tradition-revolution-portrait,1577,Chinese Ink on Paper,Portrait,"
Master of Tradition & Revolution",https://chenwenhsi.com/wp-content/uploads/2018/01/master-of-tradition-revolution-portrait.jpg,images/master-of-tradition-revolution-portrait.jpg
315,315,master-of-tradition-revolution-balinese-lady,1585,Chinese Ink on Paper,Portrait,"
Master of Tradition & Revolution",https://chenwenhsi.com/wp-content/uploads/2018/01/master-of-tradition-revolution-balinese-lady.jpg,images/master-of-tradition-revolution-balinese-lady.jpg
316,316,poultry-cwh,678,Chinese Ink on Paper,Chicken,"
Paintings by Chen Wen Hsi",https://chenwenhsi.com/wp-content/uploads/2017/08/poultry-cwh.jpg,images/poultry-cwh.jpg
317,317,master-of-tradition-revolution-prawns,1616,Chinese Ink on Paper,Shrimp,"
Master of Tradition & Revolution",https://chenwenhsi.com/wp-content/uploads/2018/01/master-of-tradition-revolution-prawns.jpg,images/master-of-tradition-revolution-prawns.jpg
318,318,puppets-chen-wen-hsi,626,Oil on Canvas,Abstract,"
Paintings by Chen Wen Hsi",https://chenwenhsi.com/wp-content/uploads/2017/08/puppets-chen-wen-hsi.jpg,images/puppets-chen-wen-hsi.jpg
319,319,rain-upon-lotus-pond,1073,Chinese Ink on Paper,Lotus,"
Paintings by Chen Wen Hsi",https://chenwenhsi.com/wp-content/uploads/2017/09/rain-upon-lotus-pond.jpg,images/rain-upon-lotus-pond.jpg
320,320,master-of-tradition-revolution-goldfish,1652,Chinese Ink on Paper,Goldfish,"
Master of Tradition & Revolution",https://chenwenhsi.com/wp-content/uploads/2018/01/master-of-tradition-revolution-goldfish.jpg,images/master-of-tradition-revolution-goldfish.jpg
321,321,red-cranes-chen-wen-hsi,207,Chinese Ink on Paper,Heron,"
A Dialogue With Tradition",https://chenwenhsi.com/wp-content/uploads/2017/07/red-cranes-chen-wen-hsi.jpg,images/red-cranes-chen-wen-hsi.jpg
322,322,red-scarf-chen-wen-hsi,978,Oil on Canvas,Village / Kampong,"
Paintings by Chen Wen Hsi",https://chenwenhsi.com/wp-content/uploads/2017/09/red-scarf-chen-wen-hsi.jpg,images/red-scarf-chen-wen-hsi.jpg
323,323,refuge,636,Oil on Canvas,Abstract,"
Paintings by Chen Wen Hsi",https://chenwenhsi.com/wp-content/uploads/2017/08/refuge.jpg,images/refuge.jpg
324,324,relaxation,734,Chinese Ink on Paper,Heron,"
Paintings by Chen Wen Hsi",https://chenwenhsi.com/wp-content/uploads/2017/08/relaxation.jpg,images/relaxation.jpg
325,325,chen-wen-hsi-chickens-1,1403,Chinese Ink on Paper,Chicken,"
Paintings by Chen Wen Hsi",https://chenwenhsi.com/wp-content/uploads/2018/01/chen-wen-hsi-chickens-1.jpg,images/chen-wen-hsi-chickens-1.jpg
326,326,chen-wen-hsi-egrets-12,1429,Chinese Ink on Paper,Heron,"
Paintings by Chen Wen Hsi",https://chenwenhsi.com/wp-content/uploads/2018/01/chen-wen-hsi-egrets-12.jpg,images/chen-wen-hsi-egrets-12.jpg
327,327,resting-cwh,724,Chinese Ink on Paper,Gibbon,"
Paintings by Chen Wen Hsi",https://chenwenhsi.com/wp-content/uploads/2017/08/resting-cwh.jpg,images/resting-cwh.jpg
328,328,chen-wen-hsi-sparrow-10,1533,Chinese Ink on Paper,Sparrow,"
Paintings by Chen Wen Hsi",https://chenwenhsi.com/wp-content/uploads/2018/01/chen-wen-hsi-sparrow-10.jpg,images/chen-wen-hsi-sparrow-10.jpg
329,329,risen-cwh,704,Chinese Ink on Paper,Crane,"
Paintings by Chen Wen Hsi",https://chenwenhsi.com/wp-content/uploads/2017/08/risen-cwh.jpg,images/risen-cwh.jpg
330,330,roaming,668,Chinese Ink on Paper,Heron,"
Paintings by Chen Wen Hsi",https://chenwenhsi.com/wp-content/uploads/2017/08/roaming.jpg,images/roaming.jpg
331,331,rocky-hill,459,Mixed Media on Paper,Abstract,"
Chen Wen Hsi Retrospective 1982",https://chenwenhsi.com/wp-content/uploads/2017/08/rocky-hill.jpg,images/rocky-hill.jpg
332,332,scene-at-hualian,483,Chinese Ink on Paper,Landscape,"
Chen Wen Hsi Retrospective 1982",https://chenwenhsi.com/wp-content/uploads/2017/08/scene-at-hualian.jpg,images/scene-at-hualian.jpg
333,333,master-of-tradition-revolution-landscape-2,1644,Chinese Ink on Paper,Landscape,"
Master of Tradition & Revolution",https://chenwenhsi.com/wp-content/uploads/2018/01/master-of-tradition-revolution-landscape-2.jpg,images/master-of-tradition-revolution-landscape-2.jpg
334,334,sea-palace,630,Oil on Canvas,Abstract,"
Paintings by Chen Wen Hsi",https://chenwenhsi.com/wp-content/uploads/2017/08/sea-palace.jpg,images/sea-palace.jpg
335,335,searching,640,Chinese Ink on Paper,Squirrel,"
Paintings by Chen Wen Hsi",https://chenwenhsi.com/wp-content/uploads/2017/08/searching.jpg,images/searching.jpg
336,336,chen-wen-hsi-squirrel,1281,Chinese Ink on Paper,Squirrel,"
Paintings by Chen Wen Hsi",https://chenwenhsi.com/wp-content/uploads/2018/01/chen-wen-hsi-squirrel.jpg,images/chen-wen-hsi-squirrel.jpg
337,337,chen-wen-hsi-squirrel-3,1322,Chinese Ink on Paper,Squirrel,"
Paintings by Chen Wen Hsi",https://chenwenhsi.com/wp-content/uploads/2018/01/chen-wen-hsi-squirrel-3.jpg,images/chen-wen-hsi-squirrel-3.jpg
338,338,chen-wen-hsi-chickens,1393,Chinese Ink on Paper,Chicken,"
Paintings by Chen Wen Hsi",https://chenwenhsi.com/wp-content/uploads/2018/01/chen-wen-hsi-chickens.jpg,images/chen-wen-hsi-chickens.jpg
339,339,chen-wen-hsi-searching-for-food,1202,Chinese Ink on Paper,Heron,"
Paintings by Chen Wen Hsi",https://chenwenhsi.com/wp-content/uploads/2018/01/chen-wen-hsi-searching-for-food.jpg,images/chen-wen-hsi-searching-for-food.jpg
340,340,chen-wen-hsi-chicken-6,1469,Chinese Ink on Paper,Chicken,"
Paintings by Chen Wen Hsi",https://chenwenhsi.com/wp-content/uploads/2018/01/chen-wen-hsi-chicken-6.jpg,images/chen-wen-hsi-chicken-6.jpg
341,341,chen-wen-hsi-chicken-7,1483,Chinese Ink on Paper,Chicken,"
Paintings by Chen Wen Hsi",https://chenwenhsi.com/wp-content/uploads/2018/01/chen-wen-hsi-chicken-7.jpg,images/chen-wen-hsi-chicken-7.jpg
342,342,chen-wen-hsi-chicken-2,1242,Chinese Ink on Paper,Chicken,"
Paintings by Chen Wen Hsi",https://chenwenhsi.com/wp-content/uploads/2018/01/chen-wen-hsi-chicken-2.jpg,images/chen-wen-hsi-chicken-2.jpg
343,343,chen-wen-hsi-chickens-11,1503,Chinese Ink on Paper,Chicken,"
Paintings by Chen Wen Hsi",https://chenwenhsi.com/wp-content/uploads/2018/01/chen-wen-hsi-chickens-11.jpg,images/chen-wen-hsi-chickens-11.jpg
344,344,searching-for-food,1022,Chinese Ink on Paper,Chicken,"
Paintings by Chen Wen Hsi",https://chenwenhsi.com/wp-content/uploads/2017/09/searching-for-food.jpg,images/searching-for-food.jpg
345,345,short-cut,666,Chinese Ink on Paper,Squirrel,"
Paintings by Chen Wen Hsi",https://chenwenhsi.com/wp-content/uploads/2017/08/short-cut.jpg,images/short-cut.jpg
346,346,show-of-musculinity,513,Chinese Ink on Paper,Chicken,"
A Dialogue With Tradition",https://chenwenhsi.com/wp-content/uploads/2017/08/show-of-musculinity.jpg,images/show-of-musculinity.jpg
347,347,shrimp-chenwenhsi,1042,Chinese Ink on Paper,Shrimp,"
Paintings by Chen Wen Hsi",https://chenwenhsi.com/wp-content/uploads/2017/09/shrimp-chenwenhsi.jpg,images/shrimp-chenwenhsi.jpg
348,348,chen-wen-hsi-shrimps-1,1389,Chinese Ink on Paper,Shrimp,"
Paintings by Chen Wen Hsi",https://chenwenhsi.com/wp-content/uploads/2018/01/chen-wen-hsi-shrimps-1.jpg,images/chen-wen-hsi-shrimps-1.jpg
349,349,chen-wen-hsi-shrimps-2,1433,Chinese Ink on Paper,Shrimp,"
Paintings by Chen Wen Hsi",https://chenwenhsi.com/wp-content/uploads/2018/01/chen-wen-hsi-shrimps-2.jpg,images/chen-wen-hsi-shrimps-2.jpg
350,350,chen-wen-hsi-shrimps,1219,Chinese Ink on Paper,Shrimp,"
Paintings by Chen Wen Hsi",https://chenwenhsi.com/wp-content/uploads/2018/01/chen-wen-hsi-shrimps.jpg,images/chen-wen-hsi-shrimps.jpg
351,351,singapore-river-chen-wen-hsi,1004,Mixed Media on Paper,Village / Kampong,"
Paintings by Chen Wen Hsi",https://chenwenhsi.com/wp-content/uploads/2017/09/singapore-river-chen-wen-hsi.jpg,images/singapore-river-chen-wen-hsi.jpg
352,352,chen-wen-hsi-singing-bird,1230,Chinese Ink on Paper,Humming Bird,"
Paintings by Chen Wen Hsi",https://chenwenhsi.com/wp-content/uploads/2018/01/chen-wen-hsi-singing-bird.jpg,images/chen-wen-hsi-singing-bird.jpg
353,353,singing-around,712,Chinese Ink on Paper,Bamboo,"
Paintings by Chen Wen Hsi",https://chenwenhsi.com/wp-content/uploads/2017/08/singing-around.jpg,images/singing-around.jpg
354,354,singing-stream-green-mountain,676,Chinese Ink on Paper,Landscape,"
Paintings by Chen Wen Hsi",https://chenwenhsi.com/wp-content/uploads/2017/08/singing-stream-green-mountain.jpg,images/singing-stream-green-mountain.jpg
355,355,snow-birds,714,Chinese Ink on Paper,Sparrow,"
Paintings by Chen Wen Hsi",https://chenwenhsi.com/wp-content/uploads/2017/08/snow-birds.jpg,images/snow-birds.jpg
356,356,sparrow-chen-wen-hsi,1659,Chinese Ink on Paper,Sparrow,Not in a publication,https://chenwenhsi.com/wp-content/uploads/2018/08/sparrow-chen-wen-hsi.jpg,images/sparrow-chen-wen-hsi.jpg
357,357,chen-wen-hsi-sparrow,1279,Chinese Ink on Paper,Sparrow,"
Paintings by Chen Wen Hsi",https://chenwenhsi.com/wp-content/uploads/2018/01/chen-wen-hsi-sparrow.jpg,images/chen-wen-hsi-sparrow.jpg
358,358,chen-wen-hsi-sparrows,1294,Chinese Ink on Paper,Sparrow,"
Paintings by Chen Wen Hsi",https://chenwenhsi.com/wp-content/uploads/2018/01/chen-wen-hsi-sparrows.jpg,images/chen-wen-hsi-sparrows.jpg
359,359,chen-wen-hsi-sparrows-1,1298,Chinese Ink on Paper,Sparrow,"
Paintings by Chen Wen Hsi",https://chenwenhsi.com/wp-content/uploads/2018/01/chen-wen-hsi-sparrows-1.jpg,images/chen-wen-hsi-sparrows-1.jpg
360,360,chen-wen-hsi-sparrows-2,1304,Chinese Ink on Paper,Sparrow,"
Paintings by Chen Wen Hsi",https://chenwenhsi.com/wp-content/uploads/2018/01/chen-wen-hsi-sparrows-2.jpg,images/chen-wen-hsi-sparrows-2.jpg
361,361,chen-wen-hsi-sparrow-1,1314,Chinese Ink on Paper,Sparrow,"
Paintings by Chen Wen Hsi",https://chenwenhsi.com/wp-content/uploads/2018/01/chen-wen-hsi-sparrow-1.jpg,images/chen-wen-hsi-sparrow-1.jpg
362,362,master-of-tradition-revolution-sparrows-1,1612,Chinese Ink on Paper,Sparrow,"
Master of Tradition & Revolution",https://chenwenhsi.com/wp-content/uploads/2018/01/master-of-tradition-revolution-sparrows-1.jpg,images/master-of-tradition-revolution-sparrows-1.jpg
363,363,master-of-tradition-revolution-sparrows-2,1620,Chinese Ink on Paper,Sparrow,"
Master of Tradition & Revolution",https://chenwenhsi.com/wp-content/uploads/2018/01/master-of-tradition-revolution-sparrows-2.jpg,images/master-of-tradition-revolution-sparrows-2.jpg
364,364,chen-wen-hsi-sparrows-3,1367,Chinese Ink on Paper,Sparrow,"
Paintings by Chen Wen Hsi",https://chenwenhsi.com/wp-content/uploads/2018/01/chen-wen-hsi-sparrows-3.jpg,images/chen-wen-hsi-sparrows-3.jpg
365,365,chen-wen-hsi-sparrows-4,1395,Chinese Ink on Paper,Sparrow,"
Paintings by Chen Wen Hsi",https://chenwenhsi.com/wp-content/uploads/2018/01/chen-wen-hsi-sparrows-4.jpg,images/chen-wen-hsi-sparrows-4.jpg
366,366,chen-wen-hsi-sparrows-5,1419,Chinese Ink on Paper,Sparrow,"
Paintings by Chen Wen Hsi",https://chenwenhsi.com/wp-content/uploads/2018/01/chen-wen-hsi-sparrows-5.jpg,images/chen-wen-hsi-sparrows-5.jpg
367,367,chen-wen-hsi-sparrows-6,1423,Chinese Ink on Paper,Sparrow,"
Paintings by Chen Wen Hsi",https://chenwenhsi.com/wp-content/uploads/2018/01/chen-wen-hsi-sparrows-6.jpg,images/chen-wen-hsi-sparrows-6.jpg
368,368,chen-wen-hsi-sparrows-8,1485,Chinese Ink on Paper,Sparrow,"
Paintings by Chen Wen Hsi",https://chenwenhsi.com/wp-content/uploads/2018/01/chen-wen-hsi-sparrows-8.jpg,images/chen-wen-hsi-sparrows-8.jpg
369,369,chen-wen-hsi-sparrows-9,1489,Chinese Ink on Paper,Sparrow,"
Paintings by Chen Wen Hsi",https://chenwenhsi.com/wp-content/uploads/2018/01/chen-wen-hsi-sparrows-9.jpg,images/chen-wen-hsi-sparrows-9.jpg
370,370,chen-wen-hsi-sparrows-11,1497,Chinese Ink on Paper,Sparrow,"
Paintings by Chen Wen Hsi",https://chenwenhsi.com/wp-content/uploads/2018/01/chen-wen-hsi-sparrows-11.jpg,images/chen-wen-hsi-sparrows-11.jpg
371,371,chen-wen-hsi-sparrows-12,1509,Chinese Ink on Paper,Sparrow,"
Paintings by Chen Wen Hsi",https://chenwenhsi.com/wp-content/uploads/2018/01/chen-wen-hsi-sparrows-12.jpg,images/chen-wen-hsi-sparrows-12.jpg
372,372,chen-wen-hsi-sparrows-13,1517,Chinese Ink on Paper,Sparrow,"
Paintings by Chen Wen Hsi",https://chenwenhsi.com/wp-content/uploads/2018/01/chen-wen-hsi-sparrows-13.jpg,images/chen-wen-hsi-sparrows-13.jpg
373,373,master-of-tradition-revolution-sparrows,1591,Chinese Ink on Paper,Bamboo,"
Master of Tradition & Revolution",https://chenwenhsi.com/wp-content/uploads/2018/01/master-of-tradition-revolution-sparrows.jpg,images/master-of-tradition-revolution-sparrows.jpg
374,374,master-of-tradition-revolution-sparrow,1593,Chinese Ink on Paper,Bamboo,"
Master of Tradition & Revolution",https://chenwenhsi.com/wp-content/uploads/2018/01/master-of-tradition-revolution-sparrow.jpg,images/master-of-tradition-revolution-sparrow.jpg
375,375,master-of-tradition-revolution-sparrows-3,1631,Chinese Ink on Paper,Sparrow,"
Master of Tradition & Revolution",https://chenwenhsi.com/wp-content/uploads/2018/01/master-of-tradition-revolution-sparrows-3.jpg,images/master-of-tradition-revolution-sparrows-3.jpg
376,376,spring-by-ducks,710,Chinese Ink on Paper,Duck,"
Paintings by Chen Wen Hsi",https://chenwenhsi.com/wp-content/uploads/2017/08/spring-by-ducks.jpg,images/spring-by-ducks.jpg
377,377,spring-squirrels,477,Chinese Ink on Paper,Squirrel,"
Chen Wen Hsi Retrospective 1982",https://chenwenhsi.com/wp-content/uploads/2017/08/spring-squirrels.jpg,images/spring-squirrels.jpg
378,378,chen-wen-hsi-squirrel-2,1302,Chinese Ink on Paper,Squirrel,"
Paintings by Chen Wen Hsi",https://chenwenhsi.com/wp-content/uploads/2018/01/chen-wen-hsi-squirrel-2.jpg,images/chen-wen-hsi-squirrel-2.jpg
379,379,squirrels-chen-wen-hsi,517,Chinese Ink on Paper,Squirrel,"
A Dialogue With Tradition",https://chenwenhsi.com/wp-content/uploads/2017/08/squirrels-chen-wen-hsi.jpg,images/squirrels-chen-wen-hsi.jpg
380,380,squirrels-chenwenhsi,1046,Chinese Ink on Paper,Squirrel,"
Paintings by Chen Wen Hsi",https://chenwenhsi.com/wp-content/uploads/2017/09/squirrels-chenwenhsi.jpg,images/squirrels-chenwenhsi.jpg
381,381,master-of-tradition-revolution-squirrels,1565,Chinese Ink on Paper,Squirrel,"
Master of Tradition & Revolution",https://chenwenhsi.com/wp-content/uploads/2018/01/master-of-tradition-revolution-squirrels.jpg,images/master-of-tradition-revolution-squirrels.jpg
382,382,master-of-tradition-revolution-squirrels-1,1569,Chinese Ink on Paper,Squirrel,"
Master of Tradition & Revolution",https://chenwenhsi.com/wp-content/uploads/2018/01/master-of-tradition-revolution-squirrels-1.jpg,images/master-of-tradition-revolution-squirrels-1.jpg
383,383,chen-wen-hsi-squirrel-4,1330,Chinese Ink on Paper,Squirrel,"
Paintings by Chen Wen Hsi",https://chenwenhsi.com/wp-content/uploads/2018/01/chen-wen-hsi-squirrel-4.jpg,images/chen-wen-hsi-squirrel-4.jpg
384,384,chen-wen-hsi-squirrels-1,1338,Chinese Ink on Paper,Squirrel,"
Paintings by Chen Wen Hsi",https://chenwenhsi.com/wp-content/uploads/2018/01/chen-wen-hsi-squirrels-1.jpg,images/chen-wen-hsi-squirrels-1.jpg
385,385,master-of-tradition-revolution-squirrels-2,1600,Chinese Ink on Paper,Squirrel,"
Master of Tradition & Revolution",https://chenwenhsi.com/wp-content/uploads/2018/01/master-of-tradition-revolution-squirrels-2.jpg,images/master-of-tradition-revolution-squirrels-2.jpg
386,386,chen-wen-hsi-squirrels,1095,Chinese Ink on Paper,Squirrel,"
Paintings by Chen Wen Hsi",https://chenwenhsi.com/wp-content/uploads/2017/09/chen-wen-hsi-squirrels.jpg,images/chen-wen-hsi-squirrels.jpg
387,387,master-of-tradition-revolution-squirrels-3,1621,Chinese Ink on Paper,Squirrel,"
Master of Tradition & Revolution",https://chenwenhsi.com/wp-content/uploads/2018/01/master-of-tradition-revolution-squirrels-3.jpg,images/master-of-tradition-revolution-squirrels-3.jpg
388,388,squirrels-at-dawn,1099,Chinese Ink on Paper,Squirrel,"
Paintings by Chen Wen Hsi",https://chenwenhsi.com/wp-content/uploads/2017/09/squirrels-at-dawn.jpg,images/squirrels-at-dawn.jpg
389,389,chen-wen-hsi-squirrels-2,1353,Chinese Ink on Paper,Squirrel,"
Paintings by Chen Wen Hsi",https://chenwenhsi.com/wp-content/uploads/2018/01/chen-wen-hsi-squirrels-2.jpg,images/chen-wen-hsi-squirrels-2.jpg
390,390,squirrels-snow,682,Chinese Ink on Paper,Squirrel,"
Paintings by Chen Wen Hsi",https://chenwenhsi.com/wp-content/uploads/2017/08/squirrels-snow.jpg,images/squirrels-snow.jpg
391,391,squirrels-rocks,696,Chinese Ink on Paper,Squirrel,"
Paintings by Chen Wen Hsi",https://chenwenhsi.com/wp-content/uploads/2017/08/squirrels-rocks.jpg,images/squirrels-rocks.jpg
392,392,standing-crane-finger,670,Chinese Ink on Paper,Crane,"
Paintings by Chen Wen Hsi",https://chenwenhsi.com/wp-content/uploads/2017/08/standing-crane-finger.jpg,images/standing-crane-finger.jpg
393,393,master-of-tradition-revolution-fruits,1581,Chinese Ink on Paper,Fruits,"
Master of Tradition & Revolution",https://chenwenhsi.com/wp-content/uploads/2018/01/master-of-tradition-revolution-fruits.jpg,images/master-of-tradition-revolution-fruits.jpg
394,394,storks-chen-wen-hsi,519,Chinese Ink on Paper,Stork,"
A Dialogue With Tradition",https://chenwenhsi.com/wp-content/uploads/2017/08/storks-chen-wen-hsi.jpg,images/storks-chen-wen-hsi.jpg
395,395,storks-chen-wen-hsi-2,529,Chinese Ink on Paper,Stork,"
A Dialogue With Tradition",https://chenwenhsi.com/wp-content/uploads/2017/08/storks-chen-wen-hsi-2.jpg,images/storks-chen-wen-hsi-2.jpg
396,396,storks-at-beac,708,Chinese Ink on Paper,Stork,"
Paintings by Chen Wen Hsi",https://chenwenhsi.com/wp-content/uploads/2017/08/storks-at-beac.jpg,images/storks-at-beac.jpg
397,397,straighten-up-cwh,544,Chinese Ink on Paper,Crane,"
A Dialogue With Tradition",https://chenwenhsi.com/wp-content/uploads/2017/08/straighten-up-cwh.jpg,images/straighten-up-cwh.jpg
398,398,sunflower-fowl-chenwenhsi,1075,Chinese Ink on Paper,Chicken,"
Paintings by Chen Wen Hsi",https://chenwenhsi.com/wp-content/uploads/2017/09/sunflower-fowl-chenwenhsi.jpg,images/sunflower-fowl-chenwenhsi.jpg
399,399,sunset-sails,502,Chinese Ink on Paper,Landscape,"
A Dialogue With Tradition",https://chenwenhsi.com/wp-content/uploads/2017/08/sunset-sails.jpg,images/sunset-sails.jpg
400,400,swallow-returns,564,Chinese Ink on Paper,Swallow,"
A Dialogue With Tradition",https://chenwenhsi.com/wp-content/uploads/2017/08/swallow-returns.jpg,images/swallow-returns.jpg
401,401,chen-wen-hsi-catfish-1,1296,Chinese Ink on Paper,Catfish,"
Paintings by Chen Wen Hsi",https://chenwenhsi.com/wp-content/uploads/2018/01/chen-wen-hsi-catfish-1.jpg,images/chen-wen-hsi-catfish-1.jpg
402,402,chen-wen-hsi-angelfish,1292,Chinese Ink on Paper,Angelfish,"
Paintings by Chen Wen Hsi",https://chenwenhsi.com/wp-content/uploads/2018/01/chen-wen-hsi-angelfish.jpg,images/chen-wen-hsi-angelfish.jpg
403,403,swimming-fish,1050,Chinese Ink on Paper,Angelfish,"
Paintings by Chen Wen Hsi",https://chenwenhsi.com/wp-content/uploads/2017/09/swimming-fish.jpg,images/swimming-fish.jpg
404,404,chen-wen-hsi-goldfish,1355,Chinese Ink on Paper,Goldfish,"
Paintings by Chen Wen Hsi",https://chenwenhsi.com/wp-content/uploads/2018/01/chen-wen-hsi-goldfish.jpg,images/chen-wen-hsi-goldfish.jpg
405,405,chen-wen-hsi-goldfish-1,1363,Chinese Ink on Paper,Goldfish,"
Paintings by Chen Wen Hsi",https://chenwenhsi.com/wp-content/uploads/2018/01/chen-wen-hsi-goldfish-1.jpg,images/chen-wen-hsi-goldfish-1.jpg
406,406,chen-wen-hsi-swimming-fish,1223,Chinese Ink on Paper,Goldfish,"
Paintings by Chen Wen Hsi",https://chenwenhsi.com/wp-content/uploads/2018/01/chen-wen-hsi-swimming-fish.jpg,images/chen-wen-hsi-swimming-fish.jpg
407,407,chen-wen-hsi-catfish-2,1529,Chinese Ink on Paper,Catfish,"
Paintings by Chen Wen Hsi",https://chenwenhsi.com/wp-content/uploads/2018/01/chen-wen-hsi-catfish-2.jpg,images/chen-wen-hsi-catfish-2.jpg
408,408,master-of-tradition-revolution-gibbons,1575,Chinese Ink on Paper,Gibbon,"
Master of Tradition & Revolution",https://chenwenhsi.com/wp-content/uploads/2018/01/master-of-tradition-revolution-gibbons.jpg,images/master-of-tradition-revolution-gibbons.jpg
409,409,chen-wen-hsi-021,1000,Charcoal Pastel on Paper,Village / Kampong,"
Paintings by Chen Wen Hsi",https://chenwenhsi.com/wp-content/uploads/2017/09/chen-wen-hsi-021.jpg,images/chen-wen-hsi-021.jpg
410,410,taste-cwh,680,Chinese Ink on Paper,Sparrow,"
Paintings by Chen Wen Hsi",https://chenwenhsi.com/wp-content/uploads/2017/08/taste-cwh.jpg,images/taste-cwh.jpg
411,411,master-of-tradition-revolution-temple,1587,Chinese Ink on Paper,Temple,"
Master of Tradition & Revolution",https://chenwenhsi.com/wp-content/uploads/2018/01/master-of-tradition-revolution-temple.jpg,images/master-of-tradition-revolution-temple.jpg
412,412,the-beauty-contest,980,Mixed Media on Paper,Portrait,"
Paintings by Chen Wen Hsi",https://chenwenhsi.com/wp-content/uploads/2017/09/the-beauty-contest.jpg,images/the-beauty-contest.jpg
413,413,calls-of-gibbons,702,Chinese Ink on Paper,Gibbon,"
Paintings by Chen Wen Hsi",https://chenwenhsi.com/wp-content/uploads/2017/08/calls-of-gibbons.jpg,images/calls-of-gibbons.jpg
414,414,the-frogs,690,Chinese Ink on Paper,Frog,"
Paintings by Chen Wen Hsi",https://chenwenhsi.com/wp-content/uploads/2017/08/the-frogs.jpg,images/the-frogs.jpg
415,415,kingfisher-lotus,688,Chinese Ink on Paper,Kingfisher,"
Paintings by Chen Wen Hsi",https://chenwenhsi.com/wp-content/uploads/2017/08/kingfisher-lotus.jpg,images/kingfisher-lotus.jpg
416,416,the-moon-rises-1968,451,Oil on Canvas,Abstract,"
Chen Wen Hsi Retrospective 1982",https://chenwenhsi.com/wp-content/uploads/2017/08/the-moon-rises-1968.jpg,images/the-moon-rises-1968.jpg
417,417,chen-wen-hsi-014,986,Oil on Canvas,Abstract,"
Paintings by Chen Wen Hsi",https://chenwenhsi.com/wp-content/uploads/2017/09/chen-wen-hsi-014.jpg,images/chen-wen-hsi-014.jpg
418,418,mountain-is-green,461,Mixed Media on Paper,Landscape,"
Chen Wen Hsi Retrospective 1982",https://chenwenhsi.com/wp-content/uploads/2017/08/mountain-is-green.jpg,images/mountain-is-green.jpg
419,419,mountain-is-young,740,Chinese Ink on Paper,Landscape,"
Paintings by Chen Wen Hsi",https://chenwenhsi.com/wp-content/uploads/2017/08/mountain-is-young.jpg,images/mountain-is-young.jpg
420,420,the-squirrels,742,Chinese Ink on Paper,Squirrel,"
Paintings by Chen Wen Hsi",https://chenwenhsi.com/wp-content/uploads/2017/08/the-squirrels.jpg,images/the-squirrels.jpg
421,421,three-chicken,658,Chinese Ink on Paper,Calligraphy,"
Paintings by Chen Wen Hsi",https://chenwenhsi.com/wp-content/uploads/2017/08/three-chicken.jpg,images/three-chicken.jpg
422,422,master-of-tradition-revolution-cranes,1567,Chinese Ink on Paper,Crane,"
Master of Tradition & Revolution",https://chenwenhsi.com/wp-content/uploads/2018/01/master-of-tradition-revolution-cranes.jpg,images/master-of-tradition-revolution-cranes.jpg
423,423,master-of-tradition-revolution-timber,1583,Chinese Ink on Paper,Village / Kampong,"
Master of Tradition & Revolution",https://chenwenhsi.com/wp-content/uploads/2018/01/master-of-tradition-revolution-timber.jpg,images/master-of-tradition-revolution-timber.jpg
424,424,the-bazaar-chen-wen-hsi,994,Mixed Media on Paper,Village / Kampong,"
Paintings by Chen Wen Hsi",https://chenwenhsi.com/wp-content/uploads/2017/09/the-bazaar-chen-wen-hsi.jpg,images/the-bazaar-chen-wen-hsi.jpg
425,425,tree-branches,554,Chinese Ink on Paper,Abstract,"
A Dialogue With Tradition",https://chenwenhsi.com/wp-content/uploads/2017/08/tree-branches.jpg,images/tree-branches.jpg
426,426,turtle-dove-blossoms,652,Chinese Ink on Paper,Dove,"
Paintings by Chen Wen Hsi",https://chenwenhsi.com/wp-content/uploads/2017/08/turtle-dove-blossoms.jpg,images/turtle-dove-blossoms.jpg
427,427,chen-wen-hsi-twin-carp,1385,Chinese Ink on Paper,Koi Fish,"
Paintings by Chen Wen Hsi",https://chenwenhsi.com/wp-content/uploads/2018/01/chen-wen-hsi-twin-carp.jpg,images/chen-wen-hsi-twin-carp.jpg
428,428,chen-wen-hsi-twin-gibbons,1184,Chinese Ink on Paper,Gibbon,"
Paintings by Chen Wen Hsi",https://chenwenhsi.com/wp-content/uploads/2018/01/chen-wen-hsi-twin-gibbons.jpg,images/chen-wen-hsi-twin-gibbons.jpg
429,429,master-of-tradition-revolution-two-ducks,1571,Chinese Ink on Paper,Duck,"
Master of Tradition & Revolution",https://chenwenhsi.com/wp-content/uploads/2018/01/master-of-tradition-revolution-two-ducks.jpg,images/master-of-tradition-revolution-two-ducks.jpg
430,430,master-of-tradition-revolution-two-gibbons,1614,Chinese Ink on Paper,Gibbon,"
Master of Tradition & Revolution",https://chenwenhsi.com/wp-content/uploads/2018/01/master-of-tradition-revolution-two-gibbons.jpg,images/master-of-tradition-revolution-two-gibbons.jpg
431,431,chen-wen-hsi-ducks,1154,Chinese Ink on Paper,Duck,"
Paintings by Chen Wen Hsi",https://chenwenhsi.com/wp-content/uploads/2018/01/chen-wen-hsi-ducks.jpg,images/chen-wen-hsi-ducks.jpg
432,432,untitled-cwh,552,Chinese Ink on Paper,Abstract,"
A Dialogue With Tradition",https://chenwenhsi.com/wp-content/uploads/2017/08/untitled-cwh.jpg,images/untitled-cwh.jpg
433,433,chen-wen-hsi-020,998,Mixed Media on Paper,Village / Kampong,"
Paintings by Chen Wen Hsi",https://chenwenhsi.com/wp-content/uploads/2017/09/chen-wen-hsi-020.jpg,images/chen-wen-hsi-020.jpg
434,434,view-chen-wen-hsi,976,Oil on Canvas,Village / Kampong,"
Paintings by Chen Wen Hsi",https://chenwenhsi.com/wp-content/uploads/2017/09/view-chen-wen-hsi.jpg,images/view-chen-wen-hsi.jpg
435,435,master-of-tradition-revolution-village-and-bridge,1645,Chinese Ink on Paper,Village / Kampong,"
Master of Tradition & Revolution",https://chenwenhsi.com/wp-content/uploads/2018/01/master-of-tradition-revolution-village-and-bridge.jpg,images/master-of-tradition-revolution-village-and-bridge.jpg
436,436,chen-wen-hsi-007,974,Oil on Canvas,Village / Kampong,"
Paintings by Chen Wen Hsi",https://chenwenhsi.com/wp-content/uploads/2017/09/chen-wen-hsi-007.jpg,images/chen-wen-hsi-007.jpg
437,437,master-of-tradition-revolution-fowl,1655,Chinese Ink on Paper,Fowls,"
Master of Tradition & Revolution",https://chenwenhsi.com/wp-content/uploads/2018/01/master-of-tradition-revolution-fowl.jpg,images/master-of-tradition-revolution-fowl.jpg
438,438,wild-geese,722,Chinese Ink on Paper,Geese,"
Paintings by Chen Wen Hsi",https://chenwenhsi.com/wp-content/uploads/2017/08/wild-geese.jpg,images/wild-geese.jpg
439,439,winter-rice,728,Chinese Ink on Paper,Heron,"
Paintings by Chen Wen Hsi",https://chenwenhsi.com/wp-content/uploads/2017/08/winter-rice.jpg,images/winter-rice.jpg
440,440,wisteria-squirrel,646,Chinese Ink on Paper,Squirrel,"
Paintings by Chen Wen Hsi",https://chenwenhsi.com/wp-content/uploads/2017/08/wisteria-squirrel.jpg,images/wisteria-squirrel.jpg
441,441,chen-wen-hsi-022,1002,Mixed Media on Paper,Village / Kampong,"
Paintings by Chen Wen Hsi",https://chenwenhsi.com/wp-content/uploads/2017/09/chen-wen-hsi-022.jpg,images/chen-wen-hsi-022.jpg
442,442,wooden-house-1976,457,Oil on Canvas,Village / Kampong,"
Chen Wen Hsi Retrospective 1982",https://chenwenhsi.com/wp-content/uploads/2017/08/wooden-house-1976.jpg,images/wooden-house-1976.jpg
443,443,portait-chen-wen-hsi,972,Oil on Canvas,Portrait,"
Paintings by Chen Wen Hsi",https://chenwenhsi.com/wp-content/uploads/2017/09/portait-chen-wen-hsi.jpg,images/portait-chen-wen-hsi.jpg
