,Unnamed: 0,Unnamed: 0.1,Title,SKU,Medium,Subject,Publication,url,File,Category,shanghai_p,paris_p
1,1,1,master-of-tradition-revolution-sparrows-4,1653,Chinese Ink on Paper,Sparrow,"
Master of Tradition & Revolution",https://chenwenhsi.com/wp-content/uploads/2018/01/master-of-tradition-revolution-sparrows-4.jpg,images/master-of-tradition-revolution-sparrows-4.jpg,1,0.37253130192480577,0.6274686980751942
6,6,6,master-of-tradition-revolution-landscape-1,1610,Chinese Ink on Paper,Landscape,"
Master of Tradition & Revolution",https://chenwenhsi.com/wp-content/uploads/2018/01/master-of-tradition-revolution-landscape-1.jpg,images/master-of-tradition-revolution-landscape-1.jpg,1,0.35378638473068513,0.6462136152693146
7,7,7,master-of-tradition-revolution-gibbon,1573,Chinese Ink on Paper,Gibbon,"
Master of Tradition & Revolution",https://chenwenhsi.com/wp-content/uploads/2018/01/master-of-tradition-revolution-gibbon.jpg,images/master-of-tradition-revolution-gibbon.jpg,0,0.5979265409725231,0.4020734590274768
9,9,9,assembling-chenwenhsi,1058,Chinese Ink on Paper,Heron,"
Paintings by Chen Wen Hsi",https://chenwenhsi.com/wp-content/uploads/2017/09/assembling-chenwenhsi.jpg,images/assembling-chenwenhsi.jpg,1,0.4469855963345422,0.5530144036654577
10,10,10,chen-wen-hsi-egret,1180,Chinese Ink on Paper,Heron,"
Paintings by Chen Wen Hsi",https://chenwenhsi.com/wp-content/uploads/2018/01/chen-wen-hsi-egret.jpg,images/chen-wen-hsi-egret.jpg,0,0.5317647628060587,0.4682352371939412
11,11,11,chen-wen-hsi-assembling-chickens,1441,Chinese Ink on Paper,Chicken,"
Paintings by Chen Wen Hsi",https://chenwenhsi.com/wp-content/uploads/2018/01/chen-wen-hsi-assembling-chickens.jpg,images/chen-wen-hsi-assembling-chickens.jpg,0,0.6075306877491664,0.39246931225083354
12,12,12,chen-wen-hsi-assembling-ducks,1237,Chinese Ink on Paper,Duck,"
Paintings by Chen Wen Hsi",https://chenwenhsi.com/wp-content/uploads/2018/01/chen-wen-hsi-assembling-ducks.jpg,images/chen-wen-hsi-assembling-ducks.jpg,0,0.6153833002869473,0.3846166997130527
13,13,13,chen-wen-hsi-ducks-9,1270,Chinese Ink on Paper,Duck,"
Paintings by Chen Wen Hsi",https://chenwenhsi.com/wp-content/uploads/2018/01/chen-wen-hsi-ducks-9.jpg,images/chen-wen-hsi-ducks-9.jpg,0,0.602013982587692,0.39798601741230805
14,14,14,chen-wen-hsi-ducks-10,1275,Chinese Ink on Paper,Duck,"
Paintings by Chen Wen Hsi",https://chenwenhsi.com/wp-content/uploads/2018/01/chen-wen-hsi-ducks-10.jpg,images/chen-wen-hsi-ducks-10.jpg,0,0.5910572135175798,0.40894278648242033
15,15,15,chen-wen-hsi-sparrow-4,1351,Chinese Ink on Paper,Sparrow,"
Paintings by Chen Wen Hsi",https://chenwenhsi.com/wp-content/uploads/2018/01/chen-wen-hsi-sparrow-4.jpg,images/chen-wen-hsi-sparrow-4.jpg,0,0.5871460170181584,0.41285398298184167
17,17,17,baby-gibbons,752,Chinese Ink on Paper,Gibbon,"
Paintings by Chen Wen Hsi",https://chenwenhsi.com/wp-content/uploads/2017/08/baby-gibbons.jpg,images/baby-gibbons.jpg,0,0.601098492173042,0.3989015078269579
18,18,18,back-to-nest-chenwenhsi,1093,Chinese Ink on Paper,Sparrow,"
Paintings by Chen Wen Hsi",https://chenwenhsi.com/wp-content/uploads/2017/09/back-to-nest-chenwenhsi.jpg,images/back-to-nest-chenwenhsi.jpg,0,0.5837011458775085,0.41629885412249146
22,22,22,bathing-cwh,732,Chinese Ink on Paper,Duck,"
Paintings by Chen Wen Hsi",https://chenwenhsi.com/wp-content/uploads/2017/08/bathing-cwh.jpg,images/bathing-cwh.jpg,1,0.38892498068356,0.6110750193164399
23,23,23,bathing-ducks,1101,Chinese Ink on Paper,Duck,"
Paintings by Chen Wen Hsi",https://chenwenhsi.com/wp-content/uploads/2017/09/bathing-ducks.jpg,images/bathing-ducks.jpg,0,0.5,0.5
24,24,24,chen-wen-hsi-bathing-ducks-1,1381,Chinese Ink on Paper,Duck,"
Paintings by Chen Wen Hsi",https://chenwenhsi.com/wp-content/uploads/2018/01/chen-wen-hsi-bathing-ducks-1.jpg,images/chen-wen-hsi-bathing-ducks-1.jpg,0,0.5854561193313971,0.41454388066860304
25,25,25,chen-wen-hsi-bathing-ducks-2,1427,Chinese Ink on Paper,Duck,"
Paintings by Chen Wen Hsi",https://chenwenhsi.com/wp-content/uploads/2018/01/chen-wen-hsi-bathing-ducks-2.jpg,images/chen-wen-hsi-bathing-ducks-2.jpg,0,0.5342360948930741,0.46576390510692567
26,26,26,chen-wen-hsi-bathing-ducks-3,1462,Chinese Ink on Paper,Duck,"
Paintings by Chen Wen Hsi",https://chenwenhsi.com/wp-content/uploads/2018/01/chen-wen-hsi-bathing-ducks-3.jpg,images/chen-wen-hsi-bathing-ducks-3.jpg,1,0.4811511973202408,0.5188488026797591
27,27,27,chen-wen-hsi-bathing-ducks-4,1501,Chinese Ink on Paper,Duck,"
Paintings by Chen Wen Hsi",https://chenwenhsi.com/wp-content/uploads/2018/01/chen-wen-hsi-bathing-ducks-4.jpg,images/chen-wen-hsi-bathing-ducks-4.jpg,1,0.3173707743261199,0.6826292256738801
28,28,28,chen-wen-hsi-bathing-ducks-5,1515,Chinese Ink on Paper,Duck,"
Paintings by Chen Wen Hsi",https://chenwenhsi.com/wp-content/uploads/2018/01/chen-wen-hsi-bathing-ducks-5.jpg,images/chen-wen-hsi-bathing-ducks-5.jpg,1,0.31925956645251224,0.6807404335474878
29,29,29,chen-wen-hsi-bathing-ducks,1264,Chinese Ink on Paper,Duck,"
Paintings by Chen Wen Hsi",https://chenwenhsi.com/wp-content/uploads/2018/01/chen-wen-hsi-bathing-ducks.jpg,images/chen-wen-hsi-bathing-ducks.jpg,0,0.6116909732555343,0.3883090267444657
30,30,30,chen-wen-hsi-bathing-ducks-6,1521,Chinese Ink on Paper,Duck,"
Paintings by Chen Wen Hsi",https://chenwenhsi.com/wp-content/uploads/2018/01/chen-wen-hsi-bathing-ducks-6.jpg,images/chen-wen-hsi-bathing-ducks-6.jpg,1,0.3145422914814627,0.6854577085185376
31,31,31,chen-wen-hsi-bathing-ducks-7,1525,Chinese Ink on Paper,Duck,"
Paintings by Chen Wen Hsi",https://chenwenhsi.com/wp-content/uploads/2018/01/chen-wen-hsi-bathing-ducks-7.jpg,images/chen-wen-hsi-bathing-ducks-7.jpg,1,0.3120701594097507,0.6879298405902492
32,32,32,master-of-tradition-revolution-sparrow-2,1656,Chinese Ink on Paper,Sparrow,"
Master of Tradition & Revolution",https://chenwenhsi.com/wp-content/uploads/2018/01/master-of-tradition-revolution-sparrow-2.jpg,images/master-of-tradition-revolution-sparrow-2.jpg,1,0.3279859459926177,0.6720140540073822
34,34,34,chen-wen-hsi-sparrows-14,1527,Chinese Ink on Paper,Sparrow,"
Paintings by Chen Wen Hsi",https://chenwenhsi.com/wp-content/uploads/2018/01/chen-wen-hsi-sparrows-14.jpg,images/chen-wen-hsi-sparrows-14.jpg,1,0.34529655051307145,0.6547034494869286
35,35,35,chen-wen-hsi-sparrow-2,1318,Chinese Ink on Paper,Sparrow,"
Paintings by Chen Wen Hsi",https://chenwenhsi.com/wp-content/uploads/2018/01/chen-wen-hsi-sparrow-2.jpg,images/chen-wen-hsi-sparrow-2.jpg,0,0.524029155757747,0.47597084424225283
36,36,36,chen-wen-hsi-sparrow-5,1359,Chinese Ink on Paper,Sparrow,"
Paintings by Chen Wen Hsi",https://chenwenhsi.com/wp-content/uploads/2018/01/chen-wen-hsi-sparrow-5.jpg,images/chen-wen-hsi-sparrow-5.jpg,0,0.5963557823661608,0.4036442176338392
37,37,37,chen-wen-hsi-sparrows-7,1448,Chinese Ink on Paper,Sparrow,"
Paintings by Chen Wen Hsi",https://chenwenhsi.com/wp-content/uploads/2018/01/chen-wen-hsi-sparrows-7.jpg,images/chen-wen-hsi-sparrows-7.jpg,1,0.42058401706136267,0.5794159829386374
39,39,39,chen-wen-hsi-sparrow-7,1477,Chinese Ink on Paper,Sparrow,"
Paintings by Chen Wen Hsi",https://chenwenhsi.com/wp-content/uploads/2018/01/chen-wen-hsi-sparrow-7.jpg,images/chen-wen-hsi-sparrow-7.jpg,1,0.3076033117155746,0.6923966882844254
44,44,44,birds-lotus,674,Chinese Ink on Paper,Lotus,"
Paintings by Chen Wen Hsi",https://chenwenhsi.com/wp-content/uploads/2017/08/birds-lotus.jpg,images/birds-lotus.jpg,0,0.5895867401362981,0.4104132598637019
46,46,46,master-of-tradition-revolution-chickens-1,1654,Chinese Ink on Paper,Chicken,"
Master of Tradition & Revolution",https://chenwenhsi.com/wp-content/uploads/2018/01/master-of-tradition-revolution-chickens-1.jpg,images/master-of-tradition-revolution-chickens-1.jpg,1,0.3192259087718686,0.6807740912281312
47,47,47,black-fields-chen-wen-hsi,496,Chinese Ink on Paper,Landscape,"
A Dialogue With Tradition",https://chenwenhsi.com/wp-content/uploads/2017/08/black-fields-chen-wen-hsi.jpg,images/black-fields-chen-wen-hsi.jpg,0,0.57287913773264,0.42712086226736024
52,52,52,busy-chen-wen-hsi,204,Chinese Ink on Paper,Heron,"
A Dialogue With Tradition",https://chenwenhsi.com/wp-content/uploads/2017/07/busy-chen-wen-hsi.jpg,images/busy-chen-wen-hsi.jpg,0,0.5859631642851347,0.41403683571486544
53,53,53,by-the-bamboo-shore,504,Chinese Ink on Paper,Landscape,"
A Dialogue With Tradition",https://chenwenhsi.com/wp-content/uploads/2017/08/by-the-bamboo-shore.jpg,images/by-the-bamboo-shore.jpg,0,0.5688117272075257,0.4311882727924741
54,54,54,by-the-blue-water,203,Chinese Ink on Paper,Heron,"
A Dialogue With Tradition",https://chenwenhsi.com/wp-content/uploads/2017/07/by-the-blue-water.jpg,images/by-the-blue-water.jpg,0,0.5968863554194048,0.40311364458059523
55,55,55,call-in-the-valley-e1503120692127,433,Chinese Ink on Paper,Gibbon,"
A Dialogue With Tradition",https://chenwenhsi.com/wp-content/uploads/2017/08/call-in-the-valley-e1503120692127.jpg,images/call-in-the-valley-e1503120692127.jpg,0,0.5983124462347104,0.40168755376528964
56,56,56,master-of-tradition-revolution-carp,1598,Chinese Ink on Paper,Koi Fish,"
Master of Tradition & Revolution",https://chenwenhsi.com/wp-content/uploads/2018/01/master-of-tradition-revolution-carp.jpg,images/master-of-tradition-revolution-carp.jpg,0,0.5904936822375499,0.40950631776245006
57,57,57,chen-wen-hsi-carps-3,1285,Chinese Ink on Paper,Koi Fish,"
Paintings by Chen Wen Hsi",https://chenwenhsi.com/wp-content/uploads/2018/01/chen-wen-hsi-carps-3.jpg,images/chen-wen-hsi-carps-3.jpg,1,0.4081665415162316,0.5918334584837683
58,58,58,chen-wen-hsi-carps-4,1300,Chinese Ink on Paper,Koi Fish,"
Paintings by Chen Wen Hsi",https://chenwenhsi.com/wp-content/uploads/2018/01/chen-wen-hsi-carps-4.jpg,images/chen-wen-hsi-carps-4.jpg,1,0.3993212109404718,0.6006787890595283
59,59,59,carps-cwh,533,Chinese Ink on Paper,Koi Fish,"
A Dialogue With Tradition",https://chenwenhsi.com/wp-content/uploads/2017/08/carps-cwh.jpg,images/carps-cwh.jpg,1,0.31318112143196297,0.6868188785680371
60,60,60,chen-wen-hsi-carps-5,1310,Chinese Ink on Paper,Koi Fish,"
Paintings by Chen Wen Hsi",https://chenwenhsi.com/wp-content/uploads/2018/01/chen-wen-hsi-carps-5.jpg,images/chen-wen-hsi-carps-5.jpg,1,0.3524718900715457,0.647528109928454
61,61,61,master-of-tradition-revolution-carps,1579,Chinese Ink on Paper,Koi Fish,"
Master of Tradition & Revolution",https://chenwenhsi.com/wp-content/uploads/2018/01/master-of-tradition-revolution-carps.jpg,images/master-of-tradition-revolution-carps.jpg,1,0.32566085186922417,0.6743391481307757
62,62,62,chen-wen-hsi-carps-7,1456,Chinese Ink on Paper,Koi Fish,"
Paintings by Chen Wen Hsi",https://chenwenhsi.com/wp-content/uploads/2018/01/chen-wen-hsi-carps-7.jpg,images/chen-wen-hsi-carps-7.jpg,0,0.5872293987300551,0.4127706012699449
63,63,63,chen-wen-hsi-carps-1,1250,Chinese Ink on Paper,Koi Fish,"
Paintings by Chen Wen Hsi",https://chenwenhsi.com/wp-content/uploads/2018/01/chen-wen-hsi-carps-1.jpg,images/chen-wen-hsi-carps-1.jpg,0,0.572992264804798,0.427007735195202
64,64,64,chen-wen-hsi-carps-2,1277,Chinese Ink on Paper,Koi Fish,"
Paintings by Chen Wen Hsi",https://chenwenhsi.com/wp-content/uploads/2018/01/chen-wen-hsi-carps-2.jpg,images/chen-wen-hsi-carps-2.jpg,1,0.3501409408307899,0.6498590591692099
65,65,65,chen-wen-hsi-carps-6,1361,Chinese Ink on Paper,Koi Fish,"
Paintings by Chen Wen Hsi",https://chenwenhsi.com/wp-content/uploads/2018/01/chen-wen-hsi-carps-6.jpg,images/chen-wen-hsi-carps-6.jpg,0,0.6023670226157463,0.3976329773842538
66,66,66,carps-under-vines,1026,Chinese Ink on Paper,Koi Fish,"
Paintings by Chen Wen Hsi",https://chenwenhsi.com/wp-content/uploads/2017/09/carps-under-vines.jpg,images/carps-under-vines.jpg,1,0.30766909972905815,0.6923309002709419
68,68,68,chasing-cwh,746,Chinese Ink on Paper,Koi Fish,"
Paintings by Chen Wen Hsi",https://chenwenhsi.com/wp-content/uploads/2017/08/chasing-cwh.jpg,images/chasing-cwh.jpg,0,0.6148922528039644,0.38510774719603563
69,69,69,chicken-chen-wen-hsi,515,Chinese Ink on Paper,Chicken,"
A Dialogue With Tradition",https://chenwenhsi.com/wp-content/uploads/2017/08/chicken-chen-wen-hsi.jpg,images/chicken-chen-wen-hsi.jpg,0,0.5972195253059583,0.4027804746940416
70,70,70,chicken-cwh-1,535,Chinese Ink on Paper,Chicken,"
A Dialogue With Tradition",https://chenwenhsi.com/wp-content/uploads/2017/08/chicken-cwh-1.jpg,images/chicken-cwh-1.jpg,0,0.595932953129124,0.40406704687087586
71,71,71,chicken-3445,1658,Chinese Ink on Paper,Chicken,Not in a publication,https://chenwenhsi.com/wp-content/uploads/2018/08/chicken-3445.jpg,images/chicken-3445.jpg,1,0.3177958179839307,0.682204182016069
72,72,72,chicken-and-sparrows,463,Chinese Ink on Paper,Chicken,"
Chen Wen Hsi Retrospective 1982",https://chenwenhsi.com/wp-content/uploads/2017/08/chicken-and-sparrows.jpg,images/chicken-and-sparrows.jpg,1,0.3120267648569593,0.6879732351430408
73,73,73,chen-wen-hsi-chicken-in-flowers,1212,Chinese Ink on Paper,Chicken,"
Paintings by Chen Wen Hsi",https://chenwenhsi.com/wp-content/uploads/2018/01/chen-wen-hsi-chicken-in-flowers.jpg,images/chen-wen-hsi-chicken-in-flowers.jpg,0,0.511678903700682,0.4883210962993181
74,74,74,chicken-in-the-garden,481,Chinese Ink on Paper,Chicken,"
Chen Wen Hsi Retrospective 1982",https://chenwenhsi.com/wp-content/uploads/2017/08/chicken-in-the-garden.jpg,images/chicken-in-the-garden.jpg,0,0.5901320592015916,0.40986794079840855
75,75,75,chickens-5,1024,Chinese Ink on Paper,Chicken,"
Paintings by Chen Wen Hsi",https://chenwenhsi.com/wp-content/uploads/2017/09/chickens-5.jpg,images/chickens-5.jpg,1,0.3043012709116482,0.6956987290883518
76,76,76,chenwenhsi-chickens,1040,Chinese Ink on Paper,Chicken,"
Paintings by Chen Wen Hsi",https://chenwenhsi.com/wp-content/uploads/2017/09/chenwenhsi-chickens.jpg,images/chenwenhsi-chickens.jpg,1,0.32889495858264145,0.6711050414173583
77,77,77,master-of-tradition-revolution-chickens,1589,Chinese Ink on Paper,Chicken,"
Master of Tradition & Revolution",https://chenwenhsi.com/wp-content/uploads/2018/01/master-of-tradition-revolution-chickens.jpg,images/master-of-tradition-revolution-chickens.jpg,1,0.3275099707915637,0.6724900292084365
78,78,78,chen-wen-hsi-chickens-2,1417,Chinese Ink on Paper,Chicken,"
Paintings by Chen Wen Hsi",https://chenwenhsi.com/wp-content/uploads/2018/01/chen-wen-hsi-chickens-2.jpg,images/chen-wen-hsi-chickens-2.jpg,1,0.4408645877518188,0.5591354122481812
79,79,79,chen-wen-hsi-chickens-3,1438,Chinese Ink on Paper,Chicken,"
Paintings by Chen Wen Hsi",https://chenwenhsi.com/wp-content/uploads/2018/01/chen-wen-hsi-chickens-3.jpg,images/chen-wen-hsi-chickens-3.jpg,0,0.5988293319714274,0.4011706680285726
80,80,80,chen-wen-hsi-chickens-4,1450,Chinese Ink on Paper,Chicken,"
Paintings by Chen Wen Hsi",https://chenwenhsi.com/wp-content/uploads/2018/01/chen-wen-hsi-chickens-4.jpg,images/chen-wen-hsi-chickens-4.jpg,0,0.5960977474007559,0.403902252599244
81,81,81,chen-wen-hsi-chickens-5,1458,Chinese Ink on Paper,Chicken,"
Paintings by Chen Wen Hsi",https://chenwenhsi.com/wp-content/uploads/2018/01/chen-wen-hsi-chickens-5.jpg,images/chen-wen-hsi-chickens-5.jpg,0,0.5862814603092954,0.4137185396907046
82,82,82,chen-wen-hsi-chicken-4,1464,Chinese Ink on Paper,Chicken,"
Paintings by Chen Wen Hsi",https://chenwenhsi.com/wp-content/uploads/2018/01/chen-wen-hsi-chicken-4.jpg,images/chen-wen-hsi-chicken-4.jpg,0,0.5909111788044801,0.40908882119552004
83,83,83,chen-wen-hsi-chicken-5,1466,Chinese Ink on Paper,Chicken,"
Paintings by Chen Wen Hsi",https://chenwenhsi.com/wp-content/uploads/2018/01/chen-wen-hsi-chicken-5.jpg,images/chen-wen-hsi-chicken-5.jpg,0,0.5908392512385485,0.4091607487614513
84,84,84,chen-wen-hsi-chickens-6,1471,Chinese Ink on Paper,Chicken,"
Paintings by Chen Wen Hsi",https://chenwenhsi.com/wp-content/uploads/2018/01/chen-wen-hsi-chickens-6.jpg,images/chen-wen-hsi-chickens-6.jpg,1,0.31471794829082156,0.6852820517091783
85,85,85,chen-wen-hsi-chickens-7,1473,Chinese Ink on Paper,Chicken,"
Paintings by Chen Wen Hsi",https://chenwenhsi.com/wp-content/uploads/2018/01/chen-wen-hsi-chickens-7.jpg,images/chen-wen-hsi-chickens-7.jpg,1,0.37036083448818435,0.6296391655118158
86,86,86,chen-wen-hsi-chickens-8,1475,Chinese Ink on Paper,Chicken,"
Paintings by Chen Wen Hsi",https://chenwenhsi.com/wp-content/uploads/2018/01/chen-wen-hsi-chickens-8.jpg,images/chen-wen-hsi-chickens-8.jpg,0,0.526799955509816,0.473200044490184
87,87,87,chen-wen-hsi-chickens-9,1487,Chinese Ink on Paper,Chicken,"
Paintings by Chen Wen Hsi",https://chenwenhsi.com/wp-content/uploads/2018/01/chen-wen-hsi-chickens-9.jpg,images/chen-wen-hsi-chickens-9.jpg,1,0.3374179907359257,0.6625820092640742
88,89,89,chen-wen-hsi-chicken-1,1238,Chinese Ink on Paper,Chicken,"
Paintings by Chen Wen Hsi",https://chenwenhsi.com/wp-content/uploads/2018/01/chen-wen-hsi-chicken-1.jpg,images/chen-wen-hsi-chicken-1.jpg,1,0.3136059018418904,0.6863940981581097
89,90,90,chen-wen-hsi-chickens-10,1499,Chinese Ink on Paper,Chicken,"
Paintings by Chen Wen Hsi",https://chenwenhsi.com/wp-content/uploads/2018/01/chen-wen-hsi-chickens-10.jpg,images/chen-wen-hsi-chickens-10.jpg,1,0.33041884609833194,0.6695811539016678
90,91,91,chen-wen-hsi-chickens-12,1505,Chinese Ink on Paper,Chicken,"
Paintings by Chen Wen Hsi",https://chenwenhsi.com/wp-content/uploads/2018/01/chen-wen-hsi-chickens-12.jpg,images/chen-wen-hsi-chickens-12.jpg,1,0.317409427211971,0.6825905727880288
91,92,92,chen-wen-hsi-chickens-13,1511,Chinese Ink on Paper,Chicken,"
Paintings by Chen Wen Hsi",https://chenwenhsi.com/wp-content/uploads/2018/01/chen-wen-hsi-chickens-13.jpg,images/chen-wen-hsi-chickens-13.jpg,1,0.31842128806318626,0.6815787119368135
92,93,93,chen-wen-hsi-chickens-14,1513,Chinese Ink on Paper,Chicken,"
Paintings by Chen Wen Hsi",https://chenwenhsi.com/wp-content/uploads/2018/01/chen-wen-hsi-chickens-14.jpg,images/chen-wen-hsi-chickens-14.jpg,1,0.32033796599976233,0.6796620340002374
93,94,94,chen-wen-hsi-chicken-3,1260,Chinese Ink on Paper,Chicken,"
Paintings by Chen Wen Hsi",https://chenwenhsi.com/wp-content/uploads/2018/01/chen-wen-hsi-chicken-3.jpg,images/chen-wen-hsi-chicken-3.jpg,0,0.6023811207504269,0.39761887924957284
94,95,95,chen-wen-hsi-chickens-15,1519,Chinese Ink on Paper,Chicken,"
Paintings by Chen Wen Hsi",https://chenwenhsi.com/wp-content/uploads/2018/01/chen-wen-hsi-chickens-15.jpg,images/chen-wen-hsi-chickens-15.jpg,1,0.3183982979772091,0.6816017020227908
95,96,96,chen-wen-hsi-chickens-16,1523,Chinese Ink on Paper,Chicken,"
Paintings by Chen Wen Hsi",https://chenwenhsi.com/wp-content/uploads/2018/01/chen-wen-hsi-chickens-16.jpg,images/chen-wen-hsi-chickens-16.jpg,1,0.31051777345421183,0.6894822265457882
96,97,97,chickens-chen-wen-hsi,1012,Chinese Ink on Paper,Chicken,"
Paintings by Chen Wen Hsi",https://chenwenhsi.com/wp-content/uploads/2017/09/chickens-chen-wen-hsi.jpg,images/chickens-chen-wen-hsi.jpg,1,0.47000191798629454,0.5299980820137055
97,98,98,chen-wen-hsi-chickens-17,1531,Chinese Ink on Paper,Chicken,"
Paintings by Chen Wen Hsi",https://chenwenhsi.com/wp-content/uploads/2018/01/chen-wen-hsi-chickens-17.jpg,images/chen-wen-hsi-chickens-17.jpg,1,0.328853163208635,0.6711468367913649
98,99,99,chickens-chenwenhsi,1020,Chinese Ink on Paper,Chicken,"
Paintings by Chen Wen Hsi",https://chenwenhsi.com/wp-content/uploads/2017/09/chickens-chenwenhsi.jpg,images/chickens-chenwenhsi.jpg,1,0.3322188406678929,0.6677811593321071
99,100,100,chickens-sparrows-chenwenhsi,1068,Chinese Ink on Paper,Chicken,"
Paintings by Chen Wen Hsi",https://chenwenhsi.com/wp-content/uploads/2017/09/chickens-sparrows-chenwenhsi.jpg,images/chickens-sparrows-chenwenhsi.jpg,1,0.3148673485624296,0.6851326514375703
100,101,101,chickens-sparrows-chenwenhsi-1,1079,Chinese Ink on Paper,Chicken,"
Paintings by Chen Wen Hsi",https://chenwenhsi.com/wp-content/uploads/2017/09/chickens-sparrows-chenwenhsi-1.jpg,images/chickens-sparrows-chenwenhsi-1.jpg,0,0.6151012386098712,0.38489876139012874
101,102,102,chicken-in-garden,1091,Chinese Ink on Paper,Chicken,"
Paintings by Chen Wen Hsi",https://chenwenhsi.com/wp-content/uploads/2017/09/chicken-in-garden.jpg,images/chicken-in-garden.jpg,1,0.3542120272691824,0.6457879727308177
102,103,103,chicks-chen-wen-hsi,531,Chinese Ink on Paper,Chicken,"
A Dialogue With Tradition",https://chenwenhsi.com/wp-content/uploads/2017/08/chicks-chen-wen-hsi.jpg,images/chicks-chen-wen-hsi.jpg,0,0.5977021781637778,0.40229782183622226
103,104,104,master-of-tradition-revolution-chicken,1648,Chinese Ink on Paper,Chicken,"
Master of Tradition & Revolution",https://chenwenhsi.com/wp-content/uploads/2018/01/master-of-tradition-revolution-chicken.jpg,images/master-of-tradition-revolution-chicken.jpg,1,0.3121605702065896,0.6878394297934104
104,105,105,color-carps,465,Chinese Ink on Paper,Koi Fish,"
Chen Wen Hsi Retrospective 1982",https://chenwenhsi.com/wp-content/uploads/2017/08/color-carps.jpg,images/color-carps.jpg,1,0.3461677014214761,0.6538322985785238
106,107,107,birds-and-corn,1028,Chinese Ink on Paper,Sparrow,"
Paintings by Chen Wen Hsi",https://chenwenhsi.com/wp-content/uploads/2017/09/birds-and-corn.jpg,images/birds-and-corn.jpg,1,0.4316548233503305,0.5683451766496695
107,108,108,couple,758,Chinese Ink on Paper,Heron,"
Paintings by Chen Wen Hsi",https://chenwenhsi.com/wp-content/uploads/2017/08/couple.jpg,images/couple.jpg,1,0.32468305885685866,0.6753169411431413
114,115,115,ducks-chenwenhsi,1054,Chinese Ink on Paper,Duck,"
Paintings by Chen Wen Hsi",https://chenwenhsi.com/wp-content/uploads/2017/09/ducks-chenwenhsi.jpg,images/ducks-chenwenhsi.jpg,0,0.5223962082314864,0.4776037917685133
115,116,116,ducks-chenwenhsi-1,1062,Chinese Ink on Paper,Duck,"
Paintings by Chen Wen Hsi",https://chenwenhsi.com/wp-content/uploads/2017/09/ducks-chenwenhsi-1.jpg,images/ducks-chenwenhsi-1.jpg,1,0.3045596514809844,0.6954403485190158
116,117,117,master-of-tradition-revolution-ducks,1595,Chinese Ink on Paper,Duck,"
Master of Tradition & Revolution",https://chenwenhsi.com/wp-content/uploads/2018/01/master-of-tradition-revolution-ducks.jpg,images/master-of-tradition-revolution-ducks.jpg,1,0.31389532301581474,0.6861046769841853
117,118,118,master-of-tradition-revolution-ducks-1,1602,Chinese Ink on Paper,Duck,"
Master of Tradition & Revolution",https://chenwenhsi.com/wp-content/uploads/2018/01/master-of-tradition-revolution-ducks-1.jpg,images/master-of-tradition-revolution-ducks-1.jpg,0,0.5,0.5
118,119,119,master-of-tradition-revolution-ducks-2,1618,Chinese Ink on Paper,Duck,"
Master of Tradition & Revolution",https://chenwenhsi.com/wp-content/uploads/2018/01/master-of-tradition-revolution-ducks-2.jpg,images/master-of-tradition-revolution-ducks-2.jpg,0,0.6093999996642805,0.3906000003357195
119,120,120,ducks-reeds,1660,Chinese Ink on Paper,Duck,Not in a publication,https://chenwenhsi.com/wp-content/uploads/2018/08/ducks-reeds.jpg,images/ducks-reeds.jpg,0,0.5981250364938169,0.4018749635061831
120,121,121,chen-wen-hsi-ducks-2,1186,Chinese Ink on Paper,Duck,"
Paintings by Chen Wen Hsi",https://chenwenhsi.com/wp-content/uploads/2018/01/chen-wen-hsi-ducks-2.jpg,images/chen-wen-hsi-ducks-2.jpg,0,0.5873643613640036,0.41263563863599656
121,122,122,chen-wen-hsi-ducks-4,1235,Chinese Ink on Paper,Duck,"
Paintings by Chen Wen Hsi",https://chenwenhsi.com/wp-content/uploads/2018/01/chen-wen-hsi-ducks-4.jpg,images/chen-wen-hsi-ducks-4.jpg,0,0.5375937958506067,0.4624062041493931
122,123,123,chen-wen-hsi-ducks-5,1248,Chinese Ink on Paper,Duck,"
Paintings by Chen Wen Hsi",https://chenwenhsi.com/wp-content/uploads/2018/01/chen-wen-hsi-ducks-5.jpg,images/chen-wen-hsi-ducks-5.jpg,0,0.6160219996558631,0.38397800034413687
123,124,124,ducks-chen-wen-hsi,996,Chinese Ink on Paper,Duck,"
Paintings by Chen Wen Hsi",https://chenwenhsi.com/wp-content/uploads/2017/09/ducks-chen-wen-hsi.jpg,images/ducks-chen-wen-hsi.jpg,1,0.3323386844926962,0.6676613155073038
124,125,125,chen-wen-hsi-ducks-6,1254,Chinese Ink on Paper,Duck,"
Paintings by Chen Wen Hsi",https://chenwenhsi.com/wp-content/uploads/2018/01/chen-wen-hsi-ducks-6.jpg,images/chen-wen-hsi-ducks-6.jpg,0,0.5958715374021233,0.4041284625978766
125,126,126,ducks-chen-wen-hsi-1,521,Chinese Ink on Paper,Duck,"
A Dialogue With Tradition",https://chenwenhsi.com/wp-content/uploads/2017/08/ducks-chen-wen-hsi-1.jpg,images/ducks-chen-wen-hsi-1.jpg,0,0.5258103494686953,0.47418965053130463
126,127,127,chen-wen-hsi-ducks-3,1190,Chinese Ink on Paper,Duck,"
Paintings by Chen Wen Hsi",https://chenwenhsi.com/wp-content/uploads/2018/01/chen-wen-hsi-ducks-3.jpg,images/chen-wen-hsi-ducks-3.jpg,0,0.598707203760393,0.40129279623960706
127,128,128,ducks-by-river-chen-wen-hsi,1103,Chinese Ink on Paper,Duck,"
Paintings by Chen Wen Hsi",https://chenwenhsi.com/wp-content/uploads/2017/09/ducks-by-river-chen-wen-hsi.jpg,images/ducks-by-river-chen-wen-hsi.jpg,0,0.6057475580479549,0.3942524419520452
128,129,129,chen-wen-hsi-ducks-7,1266,Chinese Ink on Paper,Duck,"
Paintings by Chen Wen Hsi",https://chenwenhsi.com/wp-content/uploads/2018/01/chen-wen-hsi-ducks-7.jpg,images/chen-wen-hsi-ducks-7.jpg,0,0.5979462420579371,0.4020537579420628
129,130,130,chen-wen-hsi-ducks-8,1268,Chinese Ink on Paper,Duck,"
Paintings by Chen Wen Hsi",https://chenwenhsi.com/wp-content/uploads/2018/01/chen-wen-hsi-ducks-8.jpg,images/chen-wen-hsi-ducks-8.jpg,0,0.5416126558099394,0.45838734419006066
130,131,131,ducks-in-the-river,489,Chinese Ink on Paper,Duck,"
Chen Wen Hsi Retrospective 1982",https://chenwenhsi.com/wp-content/uploads/2017/08/ducks-in-the-river.jpg,images/ducks-in-the-river.jpg,1,0.3268559665154288,0.6731440334845711
131,132,132,ducks-know-spring-early,471,Chinese Ink on Paper,Duck,"
Chen Wen Hsi Retrospective 1982",https://chenwenhsi.com/wp-content/uploads/2017/08/ducks-know-spring-early.jpg,images/ducks-know-spring-early.jpg,0,0.5952987130337926,0.40470128696620733
132,133,133,chen-wen-hsi-ducks-1,1178,Chinese Ink on Paper,Duck,"
Paintings by Chen Wen Hsi",https://chenwenhsi.com/wp-content/uploads/2018/01/chen-wen-hsi-ducks-1.jpg,images/chen-wen-hsi-ducks-1.jpg,1,0.3651500134630552,0.6348499865369448
133,134,134,chen-wen-hsi-lotus-and-bird,1454,Chinese Ink on Paper,Lotus,"
Paintings by Chen Wen Hsi",https://chenwenhsi.com/wp-content/uploads/2018/01/chen-wen-hsi-lotus-and-bird.jpg,images/chen-wen-hsi-lotus-and-bird.jpg,0,0.5916028726571513,0.40839712734284883
134,135,135,fish-and-lotus-chenwenhsi,1030,Chinese Ink on Paper,Koi Fish,"
Paintings by Chen Wen Hsi",https://chenwenhsi.com/wp-content/uploads/2017/09/fish-and-lotus-chenwenhsi.jpg,images/fish-and-lotus-chenwenhsi.jpg,1,0.2707581498899674,0.729241850110033
135,136,136,chen-wen-hsi-koifish,1308,Chinese Ink on Paper,Koi Fish,"
Paintings by Chen Wen Hsi",https://chenwenhsi.com/wp-content/uploads/2018/01/chen-wen-hsi-koifish.jpg,images/chen-wen-hsi-koifish.jpg,1,0.36794766692456576,0.6320523330754343
136,137,137,master-of-tradition-revolution-fishes,1647,Chinese Ink on Paper,Koi Fish,"
Master of Tradition & Revolution",https://chenwenhsi.com/wp-content/uploads/2018/01/master-of-tradition-revolution-fishes.jpg,images/master-of-tradition-revolution-fishes.jpg,1,0.3170347284990696,0.6829652715009303
138,139,139,fishing-cwh,730,Chinese Ink on Paper,Sparrow,"
Paintings by Chen Wen Hsi",https://chenwenhsi.com/wp-content/uploads/2017/08/fishing-cwh.jpg,images/fishing-cwh.jpg,1,0.418415036845675,0.5815849631543251
144,145,145,master-of-tradition-revolution-sparrow-1,1604,Chinese Ink on Paper,Sparrow,"
Master of Tradition & Revolution",https://chenwenhsi.com/wp-content/uploads/2018/01/master-of-tradition-revolution-sparrow-1.jpg,images/master-of-tradition-revolution-sparrow-1.jpg,1,0.47771297228910636,0.5222870277108937
145,146,146,chen-wen-hsi-sparrow-6,1372,Chinese Ink on Paper,Sparrow,"
Paintings by Chen Wen Hsi",https://chenwenhsi.com/wp-content/uploads/2018/01/chen-wen-hsi-sparrow-6.jpg,images/chen-wen-hsi-sparrow-6.jpg,0,0.5956242965544878,0.4043757034455123
146,147,147,chen-wen-hsi-sparrow-8,1479,Chinese Ink on Paper,Sparrow,"
Paintings by Chen Wen Hsi",https://chenwenhsi.com/wp-content/uploads/2018/01/chen-wen-hsi-sparrow-8.jpg,images/chen-wen-hsi-sparrow-8.jpg,1,0.37053370687671755,0.6294662931232824
147,148,148,chen-wen-hsi-sparrow-9,1481,Chinese Ink on Paper,Sparrow,"
Paintings by Chen Wen Hsi",https://chenwenhsi.com/wp-content/uploads/2018/01/chen-wen-hsi-sparrow-9.jpg,images/chen-wen-hsi-sparrow-9.jpg,1,0.3152292650441524,0.6847707349558474
148,149,149,chen-wen-hsi-sparrows-10,1493,Chinese Ink on Paper,Sparrow,"
Paintings by Chen Wen Hsi",https://chenwenhsi.com/wp-content/uploads/2018/01/chen-wen-hsi-sparrows-10.jpg,images/chen-wen-hsi-sparrows-10.jpg,1,0.3076955272652954,0.6923044727347045
153,154,154,fowl-by-shore,1071,Chinese Ink on Paper,Duck,"
Paintings by Chen Wen Hsi",https://chenwenhsi.com/wp-content/uploads/2017/09/fowl-by-shore.jpg,images/fowl-by-shore.jpg,1,0.3531331421259247,0.6468668578740753
158,159,159,game-cwh,700,Chinese Ink on Paper,Gibbon,"
Paintings by Chen Wen Hsi",https://chenwenhsi.com/wp-content/uploads/2017/08/game-cwh.jpg,images/game-cwh.jpg,0,0.5875336920223084,0.41246630797769157
159,160,160,chen-wen-hsi-gibbon-1,1371,Chinese Ink on Paper,Gibbon,"
Paintings by Chen Wen Hsi",https://chenwenhsi.com/wp-content/uploads/2018/01/chen-wen-hsi-gibbon-1.jpg,images/chen-wen-hsi-gibbon-1.jpg,0,0.6116548425700956,0.3883451574299045
160,161,161,master-of-tradition-revolution-gibbon-1,1624,Chinese Ink on Paper,Gibbon,"
Master of Tradition & Revolution",https://chenwenhsi.com/wp-content/uploads/2018/01/master-of-tradition-revolution-gibbon-1.jpg,images/master-of-tradition-revolution-gibbon-1.jpg,1,0.3074020157614588,0.6925979842385409
161,162,162,chen-wen-hsi-gibbons-game,1200,Chinese Ink on Paper,Gibbon,"
Paintings by Chen Wen Hsi",https://chenwenhsi.com/wp-content/uploads/2018/01/chen-wen-hsi-gibbons-game.jpg,images/chen-wen-hsi-gibbons-game.jpg,0,0.5915434742514882,0.4084565257485116
162,163,163,chenwenhsi-gibbons,1032,Chinese Ink on Paper,Gibbon,"
Paintings by Chen Wen Hsi",https://chenwenhsi.com/wp-content/uploads/2017/09/chenwenhsi-gibbons.jpg,images/chenwenhsi-gibbons.jpg,1,0.4756986677188266,0.5243013322811733
163,164,164,gibbons,1038,Chinese Ink on Paper,Gibbon,"
Paintings by Chen Wen Hsi",https://chenwenhsi.com/wp-content/uploads/2017/09/gibbons.jpg,images/gibbons.jpg,1,0.32512708718017447,0.6748729128198255
164,165,165,gibbons-1,1048,Chinese Ink on Paper,Gibbon,"
Paintings by Chen Wen Hsi",https://chenwenhsi.com/wp-content/uploads/2017/09/gibbons-1.jpg,images/gibbons-1.jpg,0,0.607848265664764,0.39215173433523604
165,166,166,gibbons-chen-wen-hsi,1066,Chinese Ink on Paper,Gibbon,"
Paintings by Chen Wen Hsi",https://chenwenhsi.com/wp-content/uploads/2017/09/gibbons-chen-wen-hsi.jpg,images/gibbons-chen-wen-hsi.jpg,0,0.5943794464391593,0.4056205535608408
166,167,167,chen-wen-hsi-gibbons-8,1324,Chinese Ink on Paper,Gibbon,"
Paintings by Chen Wen Hsi",https://chenwenhsi.com/wp-content/uploads/2018/01/chen-wen-hsi-gibbons-8.jpg,images/chen-wen-hsi-gibbons-8.jpg,0,0.5996232422760956,0.4003767577239044
167,168,168,chen-wen-hsi-gibbons-9,1332,Chinese Ink on Paper,Gibbon,"
Paintings by Chen Wen Hsi",https://chenwenhsi.com/wp-content/uploads/2018/01/chen-wen-hsi-gibbons-9.jpg,images/chen-wen-hsi-gibbons-9.jpg,0,0.596713579478933,0.403286420521067
168,169,169,chen-wen-hsi-gibbons-10,1334,Chinese Ink on Paper,Gibbon,"
Paintings by Chen Wen Hsi",https://chenwenhsi.com/wp-content/uploads/2018/01/chen-wen-hsi-gibbons-10.jpg,images/chen-wen-hsi-gibbons-10.jpg,0,0.5444241192010658,0.455575880798934
169,170,170,chen-wen-hsi-gibbons,1083,Chinese Ink on Paper,Gibbon,"
Paintings by Chen Wen Hsi",https://chenwenhsi.com/wp-content/uploads/2017/09/chen-wen-hsi-gibbons.jpg,images/chen-wen-hsi-gibbons.jpg,0,0.6052824353188566,0.3947175646811433
170,171,171,gibbon-chen-wen-hsi,1087,Chinese Ink on Paper,Gibbon,"
Paintings by Chen Wen Hsi",https://chenwenhsi.com/wp-content/uploads/2017/09/gibbon-chen-wen-hsi.jpg,images/gibbon-chen-wen-hsi.jpg,0,0.6005684476004881,0.39943155239951184
171,172,172,chen-wen-hsi-gibbons-11,1345,Chinese Ink on Paper,Gibbon,"
Paintings by Chen Wen Hsi",https://chenwenhsi.com/wp-content/uploads/2018/01/chen-wen-hsi-gibbons-11.jpg,images/chen-wen-hsi-gibbons-11.jpg,0,0.5832571460439497,0.41674285395605015
172,173,173,chen-wen-hsi-gibbons-1,1097,Chinese Ink on Paper,Gibbon,"
Paintings by Chen Wen Hsi",https://chenwenhsi.com/wp-content/uploads/2017/09/chen-wen-hsi-gibbons-1.jpg,images/chen-wen-hsi-gibbons-1.jpg,0,0.5927938585026369,0.40720614149736306
173,174,174,chen-wen-hsi-gibbons-13,1369,Chinese Ink on Paper,Gibbon,"
Paintings by Chen Wen Hsi",https://chenwenhsi.com/wp-content/uploads/2018/01/chen-wen-hsi-gibbons-13.jpg,images/chen-wen-hsi-gibbons-13.jpg,1,0.3617307492310476,0.6382692507689525
174,175,175,chen-wen-hsi-gibbons-15,1378,Chinese Ink on Paper,Gibbon,"
Paintings by Chen Wen Hsi",https://chenwenhsi.com/wp-content/uploads/2018/01/chen-wen-hsi-gibbons-15.jpg,images/chen-wen-hsi-gibbons-15.jpg,0,0.5862432994391845,0.4137567005608154
175,176,176,master-of-tradition-revolution-gibbons-1,1650,Chinese Ink on Paper,Gibbon,"
Master of Tradition & Revolution",https://chenwenhsi.com/wp-content/uploads/2018/01/master-of-tradition-revolution-gibbons-1.jpg,images/master-of-tradition-revolution-gibbons-1.jpg,1,0.3750885449126722,0.6249114550873279
176,179,179,chen-wen-hsi-gibbons-17,1407,Chinese Ink on Paper,Gibbon,"
Paintings by Chen Wen Hsi",https://chenwenhsi.com/wp-content/uploads/2018/01/chen-wen-hsi-gibbons-17.jpg,images/chen-wen-hsi-gibbons-17.jpg,1,0.3191920088443145,0.6808079911556854
177,180,180,chen-wen-hsi-gibbons-18,1411,Chinese Ink on Paper,Gibbon,"
Paintings by Chen Wen Hsi",https://chenwenhsi.com/wp-content/uploads/2018/01/chen-wen-hsi-gibbons-18.jpg,images/chen-wen-hsi-gibbons-18.jpg,0,0.5937458788984797,0.40625412110152015
178,182,182,chen-wen-hsi-gibbons-19,1415,Chinese Ink on Paper,Gibbon,"
Paintings by Chen Wen Hsi",https://chenwenhsi.com/wp-content/uploads/2018/01/chen-wen-hsi-gibbons-19.jpg,images/chen-wen-hsi-gibbons-19.jpg,1,0.40795738830188955,0.5920426116981103
179,183,183,chen-wen-hsi-gibbons-20,1421,Chinese Ink on Paper,Gibbon,"
Paintings by Chen Wen Hsi",https://chenwenhsi.com/wp-content/uploads/2018/01/chen-wen-hsi-gibbons-20.jpg,images/chen-wen-hsi-gibbons-20.jpg,0,0.6062635426310717,0.39373645736892826
180,184,184,chen-wen-hsi-gibbons-21,1431,Chinese Ink on Paper,Gibbon,"
Paintings by Chen Wen Hsi",https://chenwenhsi.com/wp-content/uploads/2018/01/chen-wen-hsi-gibbons-21.jpg,images/chen-wen-hsi-gibbons-21.jpg,0,0.6015953997851733,0.3984046002148268
181,185,185,chen-wen-hsi-gibbons-22,1436,Chinese Ink on Paper,Gibbon,"
Paintings by Chen Wen Hsi",https://chenwenhsi.com/wp-content/uploads/2018/01/chen-wen-hsi-gibbons-22.jpg,images/chen-wen-hsi-gibbons-22.jpg,0,0.6080280256279245,0.3919719743720755
182,186,186,chen-wen-hsi-gibbons-playing,1182,Chinese Ink on Paper,Gibbon,"
Paintings by Chen Wen Hsi",https://chenwenhsi.com/wp-content/uploads/2018/01/chen-wen-hsi-gibbons-playing.jpg,images/chen-wen-hsi-gibbons-playing.jpg,0,0.5542943211718809,0.44570567882811923
183,187,187,chen-wen-hsi-gibbons-2,1188,Chinese Ink on Paper,Gibbon,"
Paintings by Chen Wen Hsi",https://chenwenhsi.com/wp-content/uploads/2018/01/chen-wen-hsi-gibbons-2.jpg,images/chen-wen-hsi-gibbons-2.jpg,0,0.5909246147745767,0.4090753852254234
184,188,188,chen-wen-hsi-gibbons-23,1444,Chinese Ink on Paper,Gibbon,"
Paintings by Chen Wen Hsi",https://chenwenhsi.com/wp-content/uploads/2018/01/chen-wen-hsi-gibbons-23.jpg,images/chen-wen-hsi-gibbons-23.jpg,0,0.6002885588556782,0.39971144114432183
185,189,189,chen-wen-hsi-gibbons-3,1194,Chinese Ink on Paper,Gibbon,"
Paintings by Chen Wen Hsi",https://chenwenhsi.com/wp-content/uploads/2018/01/chen-wen-hsi-gibbons-3.jpg,images/chen-wen-hsi-gibbons-3.jpg,0,0.6093992534912435,0.3906007465087563
186,190,190,chen-wen-hsi-gibbons-24,1452,Chinese Ink on Paper,Gibbon,"
Paintings by Chen Wen Hsi",https://chenwenhsi.com/wp-content/uploads/2018/01/chen-wen-hsi-gibbons-24.jpg,images/chen-wen-hsi-gibbons-24.jpg,1,0.3752733685242201,0.6247266314757798
187,191,191,chen-wen-hsi-gibbons-4,1204,Chinese Ink on Paper,Gibbon,"
Paintings by Chen Wen Hsi",https://chenwenhsi.com/wp-content/uploads/2018/01/chen-wen-hsi-gibbons-4.jpg,images/chen-wen-hsi-gibbons-4.jpg,0,0.5943423675259479,0.405657632474052
188,192,192,chen-wen-hsi-gibbons-5,1209,Chinese Ink on Paper,Gibbon,"
Paintings by Chen Wen Hsi",https://chenwenhsi.com/wp-content/uploads/2018/01/chen-wen-hsi-gibbons-5.jpg,images/chen-wen-hsi-gibbons-5.jpg,1,0.31616512567764615,0.6838348743223539
189,193,193,chen-wen-hsi-gibbons-6,1225,Chinese Ink on Paper,Gibbon,"
Paintings by Chen Wen Hsi",https://chenwenhsi.com/wp-content/uploads/2018/01/chen-wen-hsi-gibbons-6.jpg,images/chen-wen-hsi-gibbons-6.jpg,0,0.5989175548088599,0.4010824451911402
190,194,194,gibbons-family,726,Chinese Ink on Paper,Gibbon,"
Paintings by Chen Wen Hsi",https://chenwenhsi.com/wp-content/uploads/2017/08/gibbons-family.jpg,images/gibbons-family.jpg,0,0.6026458701511683,0.3973541298488318
191,195,195,gibbons-fetch-moon,642,Chinese Ink on Paper,Gibbon,"
Paintings by Chen Wen Hsi",https://chenwenhsi.com/wp-content/uploads/2017/08/gibbons-fetch-moon.jpg,images/gibbons-fetch-moon.jpg,0,0.5938312734285152,0.4061687265714849
192,196,196,gibbons-lonely-tree,694,Chinese Ink on Paper,Gibbon,"
Paintings by Chen Wen Hsi",https://chenwenhsi.com/wp-content/uploads/2017/08/gibbons-lonely-tree.jpg,images/gibbons-lonely-tree.jpg,0,0.5940874495333693,0.4059125504666307
193,197,197,gibbons-play-bees,660,Chinese Ink on Paper,Gibbon,"
Paintings by Chen Wen Hsi",https://chenwenhsi.com/wp-content/uploads/2017/08/gibbons-play-bees.jpg,images/gibbons-play-bees.jpg,0,0.6062463944993804,0.39375360550061955
194,198,198,chen-wen-hsi-gibbons-7,1320,Chinese Ink on Paper,Gibbon,"
Paintings by Chen Wen Hsi",https://chenwenhsi.com/wp-content/uploads/2018/01/chen-wen-hsi-gibbons-7.jpg,images/chen-wen-hsi-gibbons-7.jpg,0,0.595705275610528,0.404294724389472
195,199,199,chen-wen-hsi-gibbon,1328,Chinese Ink on Paper,Gibbon,"
Paintings by Chen Wen Hsi",https://chenwenhsi.com/wp-content/uploads/2018/01/chen-wen-hsi-gibbon.jpg,images/chen-wen-hsi-gibbon.jpg,0,0.5816166855981976,0.4183833144018025
196,200,200,chen-wen-hsi-gibbons-12,1347,Chinese Ink on Paper,Gibbon,"
Paintings by Chen Wen Hsi",https://chenwenhsi.com/wp-content/uploads/2018/01/chen-wen-hsi-gibbons-12.jpg,images/chen-wen-hsi-gibbons-12.jpg,0,0.5984067968262471,0.401593203173753
197,201,201,chen-wen-hsi-gibbons-14,1374,Chinese Ink on Paper,Gibbon,"
Paintings by Chen Wen Hsi",https://chenwenhsi.com/wp-content/uploads/2018/01/chen-wen-hsi-gibbons-14.jpg,images/chen-wen-hsi-gibbons-14.jpg,0,0.6022676401080935,0.39773235989190653
198,202,202,chen-wen-hsi-gibbons-16,1405,Chinese Ink on Paper,Gibbon,"
Paintings by Chen Wen Hsi",https://chenwenhsi.com/wp-content/uploads/2018/01/chen-wen-hsi-gibbons-16.jpg,images/chen-wen-hsi-gibbons-16.jpg,0,0.6012620714318373,0.3987379285681628
199,204,204,gold-carps,744,Chinese Ink on Paper,Koi Fish,"
Paintings by Chen Wen Hsi",https://chenwenhsi.com/wp-content/uploads/2017/08/gold-carps.jpg,images/gold-carps.jpg,0,0.5185234574349519,0.48147654256504824
200,205,205,gold-carp-with-lotus,650,Chinese Ink on Paper,Koi Fish,"
Paintings by Chen Wen Hsi",https://chenwenhsi.com/wp-content/uploads/2017/08/gold-carp-with-lotus.jpg,images/gold-carp-with-lotus.jpg,0,0.5927688836032683,0.40723111639673154
205,210,210,hens-finger-painting,469,Chinese Ink on Paper,Chicken,"
Chen Wen Hsi Retrospective 1982",https://chenwenhsi.com/wp-content/uploads/2017/08/hens-finger-painting.jpg,images/hens-finger-painting.jpg,1,0.33042143286344516,0.6695785671365547
207,212,212,master-of-tradition-revolution-heron,1649,Chinese Ink on Paper,Heron,"
Master of Tradition & Revolution",https://chenwenhsi.com/wp-content/uploads/2018/01/master-of-tradition-revolution-heron.jpg,images/master-of-tradition-revolution-heron.jpg,1,0.32545948153858795,0.6745405184614123
208,213,213,chen-wen-hsi-heron,1491,Chinese Ink on Paper,Heron,"
Paintings by Chen Wen Hsi",https://chenwenhsi.com/wp-content/uploads/2018/01/chen-wen-hsi-heron.jpg,images/chen-wen-hsi-heron.jpg,1,0.3945135418470693,0.6054864581529307
209,214,214,chen-wen-hsi-heron-1,1507,Chinese Ink on Paper,Heron,"
Paintings by Chen Wen Hsi",https://chenwenhsi.com/wp-content/uploads/2018/01/chen-wen-hsi-heron-1.jpg,images/chen-wen-hsi-heron-1.jpg,1,0.3230268647411854,0.6769731352588145
210,215,215,chen-wen-hsi-heron-2,1534,Chinese Ink on Paper,Heron,"
Paintings by Chen Wen Hsi",https://chenwenhsi.com/wp-content/uploads/2018/01/chen-wen-hsi-heron-2.jpg,images/chen-wen-hsi-heron-2.jpg,0,0.6132614769288226,0.3867385230711774
211,216,216,chen-wen-hsi-egret-1,1306,Chinese Ink on Paper,Heron,"
Paintings by Chen Wen Hsi",https://chenwenhsi.com/wp-content/uploads/2018/01/chen-wen-hsi-egret-1.jpg,images/chen-wen-hsi-egret-1.jpg,1,0.3469798691729396,0.6530201308270605
212,217,217,egrets,1052,Chinese Ink on Paper,Heron,"
Paintings by Chen Wen Hsi",https://chenwenhsi.com/wp-content/uploads/2017/09/egrets.jpg,images/egrets.jpg,0,0.5943771898576993,0.4056228101423007
213,218,218,chen-wen-hsi-egrets,1056,Chinese Ink on Paper,Heron,"
Paintings by Chen Wen Hsi",https://chenwenhsi.com/wp-content/uploads/2017/09/chen-wen-hsi-egrets.jpg,images/chen-wen-hsi-egrets.jpg,0,0.5126614340298585,0.48733856597014136
214,219,219,chen-wen-hsi-egrets-5,1312,Chinese Ink on Paper,Heron,"
Paintings by Chen Wen Hsi",https://chenwenhsi.com/wp-content/uploads/2018/01/chen-wen-hsi-egrets-5.jpg,images/chen-wen-hsi-egrets-5.jpg,1,0.31913240553004674,0.6808675944699535
215,220,220,egrets-chen-wen-hsi-1,1077,Chinese Ink on Paper,Heron,"
Paintings by Chen Wen Hsi",https://chenwenhsi.com/wp-content/uploads/2017/09/egrets-chen-wen-hsi-1.jpg,images/egrets-chen-wen-hsi-1.jpg,0,0.5251721725493227,0.47482782745067714
216,221,221,egrets-chen-wen-hsi-2,1081,Chinese Ink on Paper,Heron,"
Paintings by Chen Wen Hsi",https://chenwenhsi.com/wp-content/uploads/2017/09/egrets-chen-wen-hsi-2.jpg,images/egrets-chen-wen-hsi-2.jpg,1,0.34077258735217936,0.6592274126478208
217,222,222,egrets-chen-wen-hsi-3,1085,Chinese Ink on Paper,Heron,"
Paintings by Chen Wen Hsi",https://chenwenhsi.com/wp-content/uploads/2017/09/egrets-chen-wen-hsi-3.jpg,images/egrets-chen-wen-hsi-3.jpg,0,0.5620190505891041,0.43798094941089594
218,223,223,chen-wen-hsi-egret-2,1341,Chinese Ink on Paper,Heron,"
Paintings by Chen Wen Hsi",https://chenwenhsi.com/wp-content/uploads/2018/01/chen-wen-hsi-egret-2.jpg,images/chen-wen-hsi-egret-2.jpg,1,0.36418589001981805,0.635814109980182
219,224,224,egret-chen-wen-hsi-1,1089,Chinese Ink on Paper,Heron,"
Paintings by Chen Wen Hsi",https://chenwenhsi.com/wp-content/uploads/2017/09/egret-chen-wen-hsi-1.jpg,images/egret-chen-wen-hsi-1.jpg,0,0.5373716484512007,0.46262835154879933
220,225,225,chen-wen-hsi-egrets-6,1349,Chinese Ink on Paper,Heron,"
Paintings by Chen Wen Hsi",https://chenwenhsi.com/wp-content/uploads/2018/01/chen-wen-hsi-egrets-6.jpg,images/chen-wen-hsi-egrets-6.jpg,0,0.5972471496516691,0.40275285034833086
221,226,226,chen-wen-hsi-egrets-7,1365,Chinese Ink on Paper,Heron,"
Paintings by Chen Wen Hsi",https://chenwenhsi.com/wp-content/uploads/2018/01/chen-wen-hsi-egrets-7.jpg,images/chen-wen-hsi-egrets-7.jpg,0,0.5434481378835314,0.4565518621164687
222,227,227,master-of-tradition-revolution-herons,1628,Chinese Ink on Paper,Heron,"
Master of Tradition & Revolution",https://chenwenhsi.com/wp-content/uploads/2018/01/master-of-tradition-revolution-herons.jpg,images/master-of-tradition-revolution-herons.jpg,0,0.5324548356219662,0.46754516437803373
223,228,228,master-of-tradition-revolution-herons-1,1629,Chinese Ink on Paper,Heron,"
Master of Tradition & Revolution",https://chenwenhsi.com/wp-content/uploads/2018/01/master-of-tradition-revolution-herons-1.jpg,images/master-of-tradition-revolution-herons-1.jpg,0,0.5402062262558248,0.4597937737441752
224,229,229,chen-wen-hsi-egrets-8,1376,Chinese Ink on Paper,Heron,"
Paintings by Chen Wen Hsi",https://chenwenhsi.com/wp-content/uploads/2018/01/chen-wen-hsi-egrets-8.jpg,images/chen-wen-hsi-egrets-8.jpg,0,0.5,0.5
225,230,230,chen-wen-hsi-egrets-9,1399,Chinese Ink on Paper,Heron,"
Paintings by Chen Wen Hsi",https://chenwenhsi.com/wp-content/uploads/2018/01/chen-wen-hsi-egrets-9.jpg,images/chen-wen-hsi-egrets-9.jpg,1,0.3937509193612442,0.6062490806387557
226,231,231,chen-wen-hsi-egrits,1148,Chinese Ink on Paper,Heron,"
Paintings by Chen Wen Hsi",https://chenwenhsi.com/wp-content/uploads/2018/01/chen-wen-hsi-egrits.jpg,images/chen-wen-hsi-egrits.jpg,0,0.5360213677925696,0.4639786322074304
227,232,232,chen-wen-hsi-egrets-10,1409,Chinese Ink on Paper,Heron,"
Paintings by Chen Wen Hsi",https://chenwenhsi.com/wp-content/uploads/2018/01/chen-wen-hsi-egrets-10.jpg,images/chen-wen-hsi-egrets-10.jpg,0,0.5408097952313116,0.45919020476868844
228,233,233,chen-wen-hsi-egrets-11,1413,Chinese Ink on Paper,Heron,"
Paintings by Chen Wen Hsi",https://chenwenhsi.com/wp-content/uploads/2018/01/chen-wen-hsi-egrets-11.jpg,images/chen-wen-hsi-egrets-11.jpg,0,0.6179155463098325,0.3820844536901677
229,235,235,herons-chen-wen-hsi,475,Chinese Ink on Paper,Heron,"
Chen Wen Hsi Retrospective 1982",https://chenwenhsi.com/wp-content/uploads/2017/08/herons-chen-wen-hsi.jpg,images/herons-chen-wen-hsi.jpg,0,0.5930689485958408,0.4069310514041593
230,236,236,chen-wen-hsi-egrets-1,1244,Chinese Ink on Paper,Heron,"
Paintings by Chen Wen Hsi",https://chenwenhsi.com/wp-content/uploads/2018/01/chen-wen-hsi-egrets-1.jpg,images/chen-wen-hsi-egrets-1.jpg,0,0.5223189442879643,0.4776810557120355
231,237,237,chen-wen-hsi-egrets-2,1246,Chinese Ink on Paper,Heron,"
Paintings by Chen Wen Hsi",https://chenwenhsi.com/wp-content/uploads/2018/01/chen-wen-hsi-egrets-2.jpg,images/chen-wen-hsi-egrets-2.jpg,0,0.5540100539135355,0.4459899460864645
232,238,238,chen-wen-hsi-egrets-3,1256,Chinese Ink on Paper,Heron,"
Paintings by Chen Wen Hsi",https://chenwenhsi.com/wp-content/uploads/2018/01/chen-wen-hsi-egrets-3.jpg,images/chen-wen-hsi-egrets-3.jpg,0,0.5907209565701753,0.40927904342982474
233,239,239,egrets-chen-wen-hsi,493,Chinese Ink on Paper,Heron,"
Chen Wen Hsi Retrospective 1982",https://chenwenhsi.com/wp-content/uploads/2017/08/egrets-chen-wen-hsi.jpg,images/egrets-chen-wen-hsi.jpg,1,0.3122968158421703,0.6877031841578297
234,240,240,chen-wen-hsi-egrets-4,1262,Chinese Ink on Paper,Heron,"
Paintings by Chen Wen Hsi",https://chenwenhsi.com/wp-content/uploads/2018/01/chen-wen-hsi-egrets-4.jpg,images/chen-wen-hsi-egrets-4.jpg,1,0.4840687126722268,0.5159312873277733
236,243,243,chen-wen-hsi-herons,1535,Chinese Ink on Paper,Heron,"
Paintings by Chen Wen Hsi",https://chenwenhsi.com/wp-content/uploads/2018/01/chen-wen-hsi-herons.jpg,images/chen-wen-hsi-herons.jpg,1,0.4691925425607293,0.5308074574392707
237,244,244,herons-cwh,538,Chinese Ink on Paper,Heron,"
A Dialogue With Tradition",https://chenwenhsi.com/wp-content/uploads/2017/08/herons-cwh.jpg,images/herons-cwh.jpg,0,0.6013897482792819,0.39861025172071796
238,245,245,herons-flock,760,Chinese Ink on Paper,Heron,"
Paintings by Chen Wen Hsi",https://chenwenhsi.com/wp-content/uploads/2017/08/herons-flock.jpg,images/herons-flock.jpg,1,0.48864210146270065,0.5113578985372994
239,246,246,herons-autumn,644,Chinese Ink on Paper,Heron,"
Paintings by Chen Wen Hsi",https://chenwenhsi.com/wp-content/uploads/2017/08/herons-autumn.jpg,images/herons-autumn.jpg,1,0.4295916756055034,0.5704083243944966
242,249,249,hualian-chen-wen-hsi,500,Chinese Ink on Paper,Landscape,"
A Dialogue With Tradition",https://chenwenhsi.com/wp-content/uploads/2017/08/hualian-chen-wen-hsi.jpg,images/hualian-chen-wen-hsi.jpg,0,0.5888936726358641,0.41110632736413594
245,252,252,intimates,750,Chinese Ink on Paper,Heron,"
Paintings by Chen Wen Hsi",https://chenwenhsi.com/wp-content/uploads/2017/08/intimates.jpg,images/intimates.jpg,0,0.5415896558440199,0.4584103441559801
246,253,253,jump-over-tree,754,Chinese Ink on Paper,Gibbon,"
Paintings by Chen Wen Hsi",https://chenwenhsi.com/wp-content/uploads/2017/08/jump-over-tree.jpg,images/jump-over-tree.jpg,0,0.6035637624839125,0.3964362375160874
248,255,255,koi-fish-chenwenhsi,1034,Chinese Ink on Paper,Koi Fish,"
Paintings by Chen Wen Hsi",https://chenwenhsi.com/wp-content/uploads/2017/09/koi-fish-chenwenhsi.jpg,images/koi-fish-chenwenhsi.jpg,1,0.3089928903149496,0.6910071096850505
249,256,256,chen-wen-hsi-landscape-5,1383,Chinese Ink on Paper,Landscape,"
Paintings by Chen Wen Hsi",https://chenwenhsi.com/wp-content/uploads/2018/01/chen-wen-hsi-landscape-5.jpg,images/chen-wen-hsi-landscape-5.jpg,0,0.5754629088654338,0.42453709113456634
250,257,257,chen-wen-hsi-landscape-6,1387,Chinese Ink on Paper,Landscape,"
Paintings by Chen Wen Hsi",https://chenwenhsi.com/wp-content/uploads/2018/01/chen-wen-hsi-landscape-6.jpg,images/chen-wen-hsi-landscape-6.jpg,0,0.5807987346001422,0.4192012653998578
251,258,258,chen-wen-hsi-landscape-7,1391,Chinese Ink on Paper,Landscape,"
Paintings by Chen Wen Hsi",https://chenwenhsi.com/wp-content/uploads/2018/01/chen-wen-hsi-landscape-7.jpg,images/chen-wen-hsi-landscape-7.jpg,0,0.5774187274479909,0.42258127255200906
252,259,259,chen-wen-hsi-landscape-8,1397,Chinese Ink on Paper,Landscape,"
Paintings by Chen Wen Hsi",https://chenwenhsi.com/wp-content/uploads/2018/01/chen-wen-hsi-landscape-8.jpg,images/chen-wen-hsi-landscape-8.jpg,0,0.5762340526769137,0.4237659473230863
253,260,260,chen-wen-hsi-landscape-9,1401,Chinese Ink on Paper,Landscape,"
Paintings by Chen Wen Hsi",https://chenwenhsi.com/wp-content/uploads/2018/01/chen-wen-hsi-landscape-9.jpg,images/chen-wen-hsi-landscape-9.jpg,0,0.5099388852777502,0.4900611147222498
254,261,261,master-of-tradition-revolution-landscape-3,1657,Chinese Ink on Paper,Landscape,"
Master of Tradition & Revolution",https://chenwenhsi.com/wp-content/uploads/2018/01/master-of-tradition-revolution-landscape-3.jpg,images/master-of-tradition-revolution-landscape-3.jpg,0,0.5681409260999977,0.4318590739000024
255,262,262,chen-wen-hsi-landscape-10,1425,Chinese Ink on Paper,Landscape,"
Paintings by Chen Wen Hsi",https://chenwenhsi.com/wp-content/uploads/2018/01/chen-wen-hsi-landscape-10.jpg,images/chen-wen-hsi-landscape-10.jpg,0,0.5241559055739802,0.4758440944260197
256,263,263,chen-wen-hsi-landscape-11,1460,Chinese Ink on Paper,Landscape,"
Paintings by Chen Wen Hsi",https://chenwenhsi.com/wp-content/uploads/2018/01/chen-wen-hsi-landscape-11.jpg,images/chen-wen-hsi-landscape-11.jpg,1,0.42164939158220766,0.5783506084177924
257,264,264,chen-wen-hsi-landscape,1206,Chinese Ink on Paper,Landscape,"
Paintings by Chen Wen Hsi",https://chenwenhsi.com/wp-content/uploads/2018/01/chen-wen-hsi-landscape.jpg,images/chen-wen-hsi-landscape.jpg,1,0.2968973397503266,0.7031026602496734
258,265,265,chen-wen-hsi-landscape-1,1208,Chinese Ink on Paper,Landscape,"
Paintings by Chen Wen Hsi",https://chenwenhsi.com/wp-content/uploads/2018/01/chen-wen-hsi-landscape-1.jpg,images/chen-wen-hsi-landscape-1.jpg,0,0.5788922942544259,0.42110770574557405
259,266,266,chen-wen-hsi-landscape-2,1217,Chinese Ink on Paper,Landscape,"
Paintings by Chen Wen Hsi",https://chenwenhsi.com/wp-content/uploads/2018/01/chen-wen-hsi-landscape-2.jpg,images/chen-wen-hsi-landscape-2.jpg,0,0.5305035954157813,0.4694964045842185
261,268,268,chen-wen-hsi-landscape-3,1233,Chinese Ink on Paper,Landscape,"
Paintings by Chen Wen Hsi",https://chenwenhsi.com/wp-content/uploads/2018/01/chen-wen-hsi-landscape-3.jpg,images/chen-wen-hsi-landscape-3.jpg,0,0.5762452427221756,0.42375475727782447
262,270,270,landscape-chen-wen-hsi-2,498,Chinese Ink on Paper,Landscape,"
A Dialogue With Tradition",https://chenwenhsi.com/wp-content/uploads/2017/08/landscape-chen-wen-hsi-2.jpg,images/landscape-chen-wen-hsi-2.jpg,0,0.5835448968448965,0.41645510315510365
263,271,271,chen-wen-hsi-026,1010,Chinese Ink on Paper,Landscape,"
Paintings by Chen Wen Hsi",https://chenwenhsi.com/wp-content/uploads/2017/09/chen-wen-hsi-026.jpg,images/chen-wen-hsi-026.jpg,1,0.3704845998609421,0.6295154001390578
264,272,272,landscape-chen-wen-hsi-1,1014,Chinese Ink on Paper,Landscape,"
Paintings by Chen Wen Hsi",https://chenwenhsi.com/wp-content/uploads/2017/09/landscape-chen-wen-hsi-1.jpg,images/landscape-chen-wen-hsi-1.jpg,1,0.26548587232751153,0.7345141276724885
265,274,274,chen-wen-hsi-landscape-4,1272,Chinese Ink on Paper,Landscape,"
Paintings by Chen Wen Hsi",https://chenwenhsi.com/wp-content/uploads/2018/01/chen-wen-hsi-landscape-4.jpg,images/chen-wen-hsi-landscape-4.jpg,1,0.24459604921273145,0.7554039507872685
266,275,275,master-of-tradition-revolution-landscape-with-boats,1651,Chinese Ink on Paper,Landscape,"
Master of Tradition & Revolution",https://chenwenhsi.com/wp-content/uploads/2018/01/master-of-tradition-revolution-landscape-with-boats.jpg,images/master-of-tradition-revolution-landscape-with-boats.jpg,1,0.2774052685421854,0.7225947314578145
267,276,276,master-of-tradition-revolution-landscape,1608,Chinese Ink on Paper,Landscape,"
Master of Tradition & Revolution",https://chenwenhsi.com/wp-content/uploads/2018/01/master-of-tradition-revolution-landscape.jpg,images/master-of-tradition-revolution-landscape.jpg,0,0.5706849273280933,0.42931507267190677
268,277,277,little-ones,718,Chinese Ink on Paper,Chicken,"
Paintings by Chen Wen Hsi",https://chenwenhsi.com/wp-content/uploads/2017/08/little-ones.jpg,images/little-ones.jpg,1,0.41170711528799225,0.5882928847120078
269,278,278,loofah-sparrow,698,Chinese Ink on Paper,Sparrow,"
Paintings by Chen Wen Hsi",https://chenwenhsi.com/wp-content/uploads/2017/08/loofah-sparrow.jpg,images/loofah-sparrow.jpg,0,0.6056389160294783,0.39436108397052166
270,279,279,chen-wen-hsi-chicken,1221,Chinese Ink on Paper,Chicken,"
Paintings by Chen Wen Hsi",https://chenwenhsi.com/wp-content/uploads/2018/01/chen-wen-hsi-chicken.jpg,images/chen-wen-hsi-chicken.jpg,0,0.6053037945228524,0.39469620547714757
271,280,280,looking-up-chen-wen-hsi,205,Chinese Ink on Paper,Heron,"
A Dialogue With Tradition",https://chenwenhsi.com/wp-content/uploads/2017/07/looking-up-chen-wen-hsi.jpg,images/looking-up-chen-wen-hsi.jpg,1,0.41010770378286276,0.5898922962171371
272,281,281,chenwenhsi-lotus,1064,Chinese Ink on Paper,Koi Fish,"
Paintings by Chen Wen Hsi",https://chenwenhsi.com/wp-content/uploads/2017/09/chenwenhsi-lotus.jpg,images/chenwenhsi-lotus.jpg,1,0.4047099701094007,0.5952900298905991
273,282,282,chen-wen-hsi-lotus,1258,Chinese Ink on Paper,Lotus,"
Paintings by Chen Wen Hsi",https://chenwenhsi.com/wp-content/uploads/2018/01/chen-wen-hsi-lotus.jpg,images/chen-wen-hsi-lotus.jpg,0,0.5793603567454059,0.4206396432545941
274,283,283,lotus-cwh-1,491,Chinese Ink on Paper,Lotus,"
Chen Wen Hsi Retrospective 1982",https://chenwenhsi.com/wp-content/uploads/2017/08/lotus-cwh-1.jpg,images/lotus-cwh-1.jpg,0,0.5812355035399838,0.4187644964600162
275,284,284,chen-wen-hsi-lotus-and-birds,1252,Chinese Ink on Paper,Lotus,"
Paintings by Chen Wen Hsi",https://chenwenhsi.com/wp-content/uploads/2018/01/chen-wen-hsi-lotus-and-birds.jpg,images/chen-wen-hsi-lotus-and-birds.jpg,0,0.6000081605109804,0.3999918394890195
276,285,285,lotus-bloom,562,Chinese Ink on Paper,Lotus,"
A Dialogue With Tradition",https://chenwenhsi.com/wp-content/uploads/2017/08/lotus-bloom.jpg,images/lotus-bloom.jpg,0,0.590861324057203,0.40913867594279696
277,286,286,lotus-chen-wen-hsi,566,Chinese Ink on Paper,Lotus,"
A Dialogue With Tradition",https://chenwenhsi.com/wp-content/uploads/2017/08/lotus-chen-wen-hsi.jpg,images/lotus-chen-wen-hsi.jpg,0,0.5880236592590051,0.4119763407409949
278,287,287,master-of-tradition-revolution-lotus-pond,1626,Chinese Ink on Paper,Lotus,"
Master of Tradition & Revolution",https://chenwenhsi.com/wp-content/uploads/2018/01/master-of-tradition-revolution-lotus-pond.jpg,images/master-of-tradition-revolution-lotus-pond.jpg,0,0.5774070792138173,0.42259292078618266
279,288,288,lotus-pond-raining,756,Chinese Ink on Paper,Lotus,"
Paintings by Chen Wen Hsi",https://chenwenhsi.com/wp-content/uploads/2017/08/lotus-pond-raining.jpg,images/lotus-pond-raining.jpg,0,0.5872869103585104,0.4127130896414895
280,289,289,lotus-after-shower,648,Chinese Ink on Paper,Lotus,"
Paintings by Chen Wen Hsi",https://chenwenhsi.com/wp-content/uploads/2017/08/lotus-after-shower.jpg,images/lotus-after-shower.jpg,0,0.5769377129481269,0.4230622870518731
281,290,290,lovers-cwh,684,Chinese Ink on Paper,Duck,"
Paintings by Chen Wen Hsi",https://chenwenhsi.com/wp-content/uploads/2017/08/lovers-cwh.jpg,images/lovers-cwh.jpg,0,0.5853262106897407,0.41467378931025944
282,291,291,morning-bath,485,Chinese Ink on Paper,Heron,"
Chen Wen Hsi Retrospective 1982",https://chenwenhsi.com/wp-content/uploads/2017/08/morning-bath.jpg,images/morning-bath.jpg,0,0.5157052224227338,0.48429477757726624
286,295,295,mountain-range,692,Chinese Ink on Paper,Landscape,"
Paintings by Chen Wen Hsi",https://chenwenhsi.com/wp-content/uploads/2017/08/mountain-range.jpg,images/mountain-range.jpg,0,0.5885534437454624,0.41144655625453763
289,298,298,noon-chen-wen-hsi,509,Chinese Ink on Paper,Gibbon,"
A Dialogue With Tradition",https://chenwenhsi.com/wp-content/uploads/2017/08/noon-chen-wen-hsi.jpg,images/noon-chen-wen-hsi.jpg,0,0.595355678006257,0.4046443219937429
295,304,304,pair-of-herons,656,Chinese Ink on Paper,Heron,"
Paintings by Chen Wen Hsi",https://chenwenhsi.com/wp-content/uploads/2017/08/pair-of-herons.jpg,images/pair-of-herons.jpg,1,0.32339916991967554,0.6766008300803245
299,308,308,pine-and-gibbons,467,Chinese Ink on Paper,Gibbon,"
Chen Wen Hsi Retrospective 1982",https://chenwenhsi.com/wp-content/uploads/2017/08/pine-and-gibbons.jpg,images/pine-and-gibbons.jpg,1,0.42019830701419675,0.5798016929858033
300,309,309,chen-wen-hsi-carps,1196,Chinese Ink on Paper,Koi Fish,"
Paintings by Chen Wen Hsi",https://chenwenhsi.com/wp-content/uploads/2018/01/chen-wen-hsi-carps.jpg,images/chen-wen-hsi-carps.jpg,1,0.41022881546468243,0.5897711845353175
301,310,310,playful-gibbons-cwh,506,Chinese Ink on Paper,Gibbon,"
A Dialogue With Tradition",https://chenwenhsi.com/wp-content/uploads/2017/08/playful-gibbons-cwh.jpg,images/playful-gibbons-cwh.jpg,0,0.603497983901973,0.396502016098027
302,311,311,playful-gibbons-2,511,Chinese Ink on Paper,Gibbon,"
A Dialogue With Tradition",https://chenwenhsi.com/wp-content/uploads/2017/08/playful-gibbons-2.jpg,images/playful-gibbons-2.jpg,0,0.6026783136442242,0.3973216863557758
307,316,316,poultry-cwh,678,Chinese Ink on Paper,Chicken,"
Paintings by Chen Wen Hsi",https://chenwenhsi.com/wp-content/uploads/2017/08/poultry-cwh.jpg,images/poultry-cwh.jpg,0,0.6023163306197235,0.3976836693802764
310,319,319,rain-upon-lotus-pond,1073,Chinese Ink on Paper,Lotus,"
Paintings by Chen Wen Hsi",https://chenwenhsi.com/wp-content/uploads/2017/09/rain-upon-lotus-pond.jpg,images/rain-upon-lotus-pond.jpg,0,0.5772010748987977,0.42279892510120215
312,321,321,red-cranes-chen-wen-hsi,207,Chinese Ink on Paper,Heron,"
A Dialogue With Tradition",https://chenwenhsi.com/wp-content/uploads/2017/07/red-cranes-chen-wen-hsi.jpg,images/red-cranes-chen-wen-hsi.jpg,1,0.4855125571923045,0.5144874428076954
315,324,324,relaxation,734,Chinese Ink on Paper,Heron,"
Paintings by Chen Wen Hsi",https://chenwenhsi.com/wp-content/uploads/2017/08/relaxation.jpg,images/relaxation.jpg,1,0.4668483910396258,0.5331516089603744
316,325,325,chen-wen-hsi-chickens-1,1403,Chinese Ink on Paper,Chicken,"
Paintings by Chen Wen Hsi",https://chenwenhsi.com/wp-content/uploads/2018/01/chen-wen-hsi-chickens-1.jpg,images/chen-wen-hsi-chickens-1.jpg,1,0.3159049746378201,0.6840950253621799
317,326,326,chen-wen-hsi-egrets-12,1429,Chinese Ink on Paper,Heron,"
Paintings by Chen Wen Hsi",https://chenwenhsi.com/wp-content/uploads/2018/01/chen-wen-hsi-egrets-12.jpg,images/chen-wen-hsi-egrets-12.jpg,1,0.48112005997672175,0.5188799400232782
318,327,327,resting-cwh,724,Chinese Ink on Paper,Gibbon,"
Paintings by Chen Wen Hsi",https://chenwenhsi.com/wp-content/uploads/2017/08/resting-cwh.jpg,images/resting-cwh.jpg,1,0.4131281272949042,0.5868718727050958
319,328,328,chen-wen-hsi-sparrow-10,1533,Chinese Ink on Paper,Sparrow,"
Paintings by Chen Wen Hsi",https://chenwenhsi.com/wp-content/uploads/2018/01/chen-wen-hsi-sparrow-10.jpg,images/chen-wen-hsi-sparrow-10.jpg,1,0.3502176378421562,0.6497823621578439
321,330,330,roaming,668,Chinese Ink on Paper,Heron,"
Paintings by Chen Wen Hsi",https://chenwenhsi.com/wp-content/uploads/2017/08/roaming.jpg,images/roaming.jpg,0,0.5125464224829122,0.48745357751708795
323,332,332,scene-at-hualian,483,Chinese Ink on Paper,Landscape,"
Chen Wen Hsi Retrospective 1982",https://chenwenhsi.com/wp-content/uploads/2017/08/scene-at-hualian.jpg,images/scene-at-hualian.jpg,1,0.30313680964818696,0.696863190351813
324,333,333,master-of-tradition-revolution-landscape-2,1644,Chinese Ink on Paper,Landscape,"
Master of Tradition & Revolution",https://chenwenhsi.com/wp-content/uploads/2018/01/master-of-tradition-revolution-landscape-2.jpg,images/master-of-tradition-revolution-landscape-2.jpg,0,0.5203491195628854,0.47965088043711446
329,338,338,chen-wen-hsi-chickens,1393,Chinese Ink on Paper,Chicken,"
Paintings by Chen Wen Hsi",https://chenwenhsi.com/wp-content/uploads/2018/01/chen-wen-hsi-chickens.jpg,images/chen-wen-hsi-chickens.jpg,1,0.34168982835005973,0.6583101716499402
330,339,339,chen-wen-hsi-searching-for-food,1202,Chinese Ink on Paper,Heron,"
Paintings by Chen Wen Hsi",https://chenwenhsi.com/wp-content/uploads/2018/01/chen-wen-hsi-searching-for-food.jpg,images/chen-wen-hsi-searching-for-food.jpg,1,0.3482240604284064,0.6517759395715935
331,340,340,chen-wen-hsi-chicken-6,1469,Chinese Ink on Paper,Chicken,"
Paintings by Chen Wen Hsi",https://chenwenhsi.com/wp-content/uploads/2018/01/chen-wen-hsi-chicken-6.jpg,images/chen-wen-hsi-chicken-6.jpg,0,0.5936843999167422,0.40631560008325784
332,341,341,chen-wen-hsi-chicken-7,1483,Chinese Ink on Paper,Chicken,"
Paintings by Chen Wen Hsi",https://chenwenhsi.com/wp-content/uploads/2018/01/chen-wen-hsi-chicken-7.jpg,images/chen-wen-hsi-chicken-7.jpg,1,0.36612730033523583,0.6338726996647642
333,342,342,chen-wen-hsi-chicken-2,1242,Chinese Ink on Paper,Chicken,"
Paintings by Chen Wen Hsi",https://chenwenhsi.com/wp-content/uploads/2018/01/chen-wen-hsi-chicken-2.jpg,images/chen-wen-hsi-chicken-2.jpg,0,0.6049582713557933,0.3950417286442065
334,343,343,chen-wen-hsi-chickens-11,1503,Chinese Ink on Paper,Chicken,"
Paintings by Chen Wen Hsi",https://chenwenhsi.com/wp-content/uploads/2018/01/chen-wen-hsi-chickens-11.jpg,images/chen-wen-hsi-chickens-11.jpg,1,0.31650169597650885,0.6834983040234913
335,344,344,searching-for-food,1022,Chinese Ink on Paper,Chicken,"
Paintings by Chen Wen Hsi",https://chenwenhsi.com/wp-content/uploads/2017/09/searching-for-food.jpg,images/searching-for-food.jpg,1,0.3698313291909137,0.6301686708090862
337,346,346,show-of-musculinity,513,Chinese Ink on Paper,Chicken,"
A Dialogue With Tradition",https://chenwenhsi.com/wp-content/uploads/2017/08/show-of-musculinity.jpg,images/show-of-musculinity.jpg,0,0.5934419514147341,0.40655804858526595
345,354,354,singing-stream-green-mountain,676,Chinese Ink on Paper,Landscape,"
Paintings by Chen Wen Hsi",https://chenwenhsi.com/wp-content/uploads/2017/08/singing-stream-green-mountain.jpg,images/singing-stream-green-mountain.jpg,0,0.5888859184726636,0.41111408152733653
346,355,355,snow-birds,714,Chinese Ink on Paper,Sparrow,"
Paintings by Chen Wen Hsi",https://chenwenhsi.com/wp-content/uploads/2017/08/snow-birds.jpg,images/snow-birds.jpg,0,0.592962858628809,0.4070371413711911
347,356,356,sparrow-chen-wen-hsi,1659,Chinese Ink on Paper,Sparrow,Not in a publication,https://chenwenhsi.com/wp-content/uploads/2018/08/sparrow-chen-wen-hsi.jpg,images/sparrow-chen-wen-hsi.jpg,1,0.30929929433386166,0.6907007056661385
348,357,357,chen-wen-hsi-sparrow,1279,Chinese Ink on Paper,Sparrow,"
Paintings by Chen Wen Hsi",https://chenwenhsi.com/wp-content/uploads/2018/01/chen-wen-hsi-sparrow.jpg,images/chen-wen-hsi-sparrow.jpg,1,0.3188081577661472,0.681191842233853
349,358,358,chen-wen-hsi-sparrows,1294,Chinese Ink on Paper,Sparrow,"
Paintings by Chen Wen Hsi",https://chenwenhsi.com/wp-content/uploads/2018/01/chen-wen-hsi-sparrows.jpg,images/chen-wen-hsi-sparrows.jpg,1,0.32815596405365344,0.6718440359463463
350,359,359,chen-wen-hsi-sparrows-1,1298,Chinese Ink on Paper,Sparrow,"
Paintings by Chen Wen Hsi",https://chenwenhsi.com/wp-content/uploads/2018/01/chen-wen-hsi-sparrows-1.jpg,images/chen-wen-hsi-sparrows-1.jpg,1,0.34410070294963413,0.6558992970503659
351,360,360,chen-wen-hsi-sparrows-2,1304,Chinese Ink on Paper,Sparrow,"
Paintings by Chen Wen Hsi",https://chenwenhsi.com/wp-content/uploads/2018/01/chen-wen-hsi-sparrows-2.jpg,images/chen-wen-hsi-sparrows-2.jpg,1,0.3934700063390106,0.6065299936609894
352,361,361,chen-wen-hsi-sparrow-1,1314,Chinese Ink on Paper,Sparrow,"
Paintings by Chen Wen Hsi",https://chenwenhsi.com/wp-content/uploads/2018/01/chen-wen-hsi-sparrow-1.jpg,images/chen-wen-hsi-sparrow-1.jpg,1,0.31851960353126935,0.6814803964687305
353,362,362,master-of-tradition-revolution-sparrows-1,1612,Chinese Ink on Paper,Sparrow,"
Master of Tradition & Revolution",https://chenwenhsi.com/wp-content/uploads/2018/01/master-of-tradition-revolution-sparrows-1.jpg,images/master-of-tradition-revolution-sparrows-1.jpg,1,0.3257124108306922,0.6742875891693076
354,363,363,master-of-tradition-revolution-sparrows-2,1620,Chinese Ink on Paper,Sparrow,"
Master of Tradition & Revolution",https://chenwenhsi.com/wp-content/uploads/2018/01/master-of-tradition-revolution-sparrows-2.jpg,images/master-of-tradition-revolution-sparrows-2.jpg,1,0.33929638103747606,0.6607036189625242
355,364,364,chen-wen-hsi-sparrows-3,1367,Chinese Ink on Paper,Sparrow,"
Paintings by Chen Wen Hsi",https://chenwenhsi.com/wp-content/uploads/2018/01/chen-wen-hsi-sparrows-3.jpg,images/chen-wen-hsi-sparrows-3.jpg,1,0.31694420040320487,0.6830557995967952
356,365,365,chen-wen-hsi-sparrows-4,1395,Chinese Ink on Paper,Sparrow,"
Paintings by Chen Wen Hsi",https://chenwenhsi.com/wp-content/uploads/2018/01/chen-wen-hsi-sparrows-4.jpg,images/chen-wen-hsi-sparrows-4.jpg,1,0.3181542319836882,0.6818457680163118
357,366,366,chen-wen-hsi-sparrows-5,1419,Chinese Ink on Paper,Sparrow,"
Paintings by Chen Wen Hsi",https://chenwenhsi.com/wp-content/uploads/2018/01/chen-wen-hsi-sparrows-5.jpg,images/chen-wen-hsi-sparrows-5.jpg,1,0.2863850624552246,0.7136149375447753
358,367,367,chen-wen-hsi-sparrows-6,1423,Chinese Ink on Paper,Sparrow,"
Paintings by Chen Wen Hsi",https://chenwenhsi.com/wp-content/uploads/2018/01/chen-wen-hsi-sparrows-6.jpg,images/chen-wen-hsi-sparrows-6.jpg,1,0.38210730721761527,0.6178926927823847
359,368,368,chen-wen-hsi-sparrows-8,1485,Chinese Ink on Paper,Sparrow,"
Paintings by Chen Wen Hsi",https://chenwenhsi.com/wp-content/uploads/2018/01/chen-wen-hsi-sparrows-8.jpg,images/chen-wen-hsi-sparrows-8.jpg,1,0.34355312696099355,0.6564468730390064
360,369,369,chen-wen-hsi-sparrows-9,1489,Chinese Ink on Paper,Sparrow,"
Paintings by Chen Wen Hsi",https://chenwenhsi.com/wp-content/uploads/2018/01/chen-wen-hsi-sparrows-9.jpg,images/chen-wen-hsi-sparrows-9.jpg,1,0.35414723631489475,0.6458527636851052
361,370,370,chen-wen-hsi-sparrows-11,1497,Chinese Ink on Paper,Sparrow,"
Paintings by Chen Wen Hsi",https://chenwenhsi.com/wp-content/uploads/2018/01/chen-wen-hsi-sparrows-11.jpg,images/chen-wen-hsi-sparrows-11.jpg,1,0.3325111188031426,0.6674888811968573
362,371,371,chen-wen-hsi-sparrows-12,1509,Chinese Ink on Paper,Sparrow,"
Paintings by Chen Wen Hsi",https://chenwenhsi.com/wp-content/uploads/2018/01/chen-wen-hsi-sparrows-12.jpg,images/chen-wen-hsi-sparrows-12.jpg,1,0.3498530763817906,0.6501469236182091
363,372,372,chen-wen-hsi-sparrows-13,1517,Chinese Ink on Paper,Sparrow,"
Paintings by Chen Wen Hsi",https://chenwenhsi.com/wp-content/uploads/2018/01/chen-wen-hsi-sparrows-13.jpg,images/chen-wen-hsi-sparrows-13.jpg,1,0.332916175943575,0.667083824056425
366,375,375,master-of-tradition-revolution-sparrows-3,1631,Chinese Ink on Paper,Sparrow,"
Master of Tradition & Revolution",https://chenwenhsi.com/wp-content/uploads/2018/01/master-of-tradition-revolution-sparrows-3.jpg,images/master-of-tradition-revolution-sparrows-3.jpg,0,0.5992609329651791,0.4007390670348209
367,376,376,spring-by-ducks,710,Chinese Ink on Paper,Duck,"
Paintings by Chen Wen Hsi",https://chenwenhsi.com/wp-content/uploads/2017/08/spring-by-ducks.jpg,images/spring-by-ducks.jpg,1,0.41568038763875453,0.5843196123612453
389,398,398,sunflower-fowl-chenwenhsi,1075,Chinese Ink on Paper,Chicken,"
Paintings by Chen Wen Hsi",https://chenwenhsi.com/wp-content/uploads/2017/09/sunflower-fowl-chenwenhsi.jpg,images/sunflower-fowl-chenwenhsi.jpg,0,0.5926905421196238,0.40730945788037626
390,399,399,sunset-sails,502,Chinese Ink on Paper,Landscape,"
A Dialogue With Tradition",https://chenwenhsi.com/wp-content/uploads/2017/08/sunset-sails.jpg,images/sunset-sails.jpg,0,0.5704214135703556,0.4295785864296445
399,408,408,master-of-tradition-revolution-gibbons,1575,Chinese Ink on Paper,Gibbon,"
Master of Tradition & Revolution",https://chenwenhsi.com/wp-content/uploads/2018/01/master-of-tradition-revolution-gibbons.jpg,images/master-of-tradition-revolution-gibbons.jpg,1,0.3030456441704926,0.6969543558295075
401,410,410,taste-cwh,680,Chinese Ink on Paper,Sparrow,"
Paintings by Chen Wen Hsi",https://chenwenhsi.com/wp-content/uploads/2017/08/taste-cwh.jpg,images/taste-cwh.jpg,1,0.3183189635797197,0.6816810364202803
404,413,413,calls-of-gibbons,702,Chinese Ink on Paper,Gibbon,"
Paintings by Chen Wen Hsi",https://chenwenhsi.com/wp-content/uploads/2017/08/calls-of-gibbons.jpg,images/calls-of-gibbons.jpg,0,0.5892139487207739,0.410786051279226
410,419,419,mountain-is-young,740,Chinese Ink on Paper,Landscape,"
Paintings by Chen Wen Hsi",https://chenwenhsi.com/wp-content/uploads/2017/08/mountain-is-young.jpg,images/mountain-is-young.jpg,0,0.5762085324366576,0.42379146756334246
418,427,427,chen-wen-hsi-twin-carp,1385,Chinese Ink on Paper,Koi Fish,"
Paintings by Chen Wen Hsi",https://chenwenhsi.com/wp-content/uploads/2018/01/chen-wen-hsi-twin-carp.jpg,images/chen-wen-hsi-twin-carp.jpg,1,0.36306384307386064,0.6369361569261394
419,428,428,chen-wen-hsi-twin-gibbons,1184,Chinese Ink on Paper,Gibbon,"
Paintings by Chen Wen Hsi",https://chenwenhsi.com/wp-content/uploads/2018/01/chen-wen-hsi-twin-gibbons.jpg,images/chen-wen-hsi-twin-gibbons.jpg,0,0.6094822484543888,0.3905177515456112
420,429,429,master-of-tradition-revolution-two-ducks,1571,Chinese Ink on Paper,Duck,"
Master of Tradition & Revolution",https://chenwenhsi.com/wp-content/uploads/2018/01/master-of-tradition-revolution-two-ducks.jpg,images/master-of-tradition-revolution-two-ducks.jpg,0,0.5210899615933796,0.4789100384066203
421,430,430,master-of-tradition-revolution-two-gibbons,1614,Chinese Ink on Paper,Gibbon,"
Master of Tradition & Revolution",https://chenwenhsi.com/wp-content/uploads/2018/01/master-of-tradition-revolution-two-gibbons.jpg,images/master-of-tradition-revolution-two-gibbons.jpg,1,0.36205118378226314,0.6379488162177369
422,431,431,chen-wen-hsi-ducks,1154,Chinese Ink on Paper,Duck,"
Paintings by Chen Wen Hsi",https://chenwenhsi.com/wp-content/uploads/2018/01/chen-wen-hsi-ducks.jpg,images/chen-wen-hsi-ducks.jpg,0,0.606331612722758,0.39366838727724196
430,439,439,winter-rice,728,Chinese Ink on Paper,Heron,"
Paintings by Chen Wen Hsi",https://chenwenhsi.com/wp-content/uploads/2017/08/winter-rice.jpg,images/winter-rice.jpg,1,0.4311073327501902,0.5688926672498098
